run,model,epoch,val_loss,minutes,peak_vram_gb,train_loss_mean,train_loss_last,raw_loss_mean,qa_loss_mean,heldout_ppl,adapter_mb
QA-only 1-epoch (cosine over 1),qwen3-8b,1,1.87867,67.8,11.4,,,,,,
QA-only 3-epoch (cosine over 3),qwen3-8b,1,2.09474,67.6,11.4,1.5971,1.12164,,,,98.8
QA-only 3-epoch (cosine over 3),qwen3-8b,2,2.8929,67.7,11.4,0.5001,0.29647,,,,98.8
QA-only 3-epoch (cosine over 3),qwen3-8b,3,3.23212,67.7,11.4,0.113,0.11101,,,,98.8
QA-only seed 43 (epoch 1 of 3),qwen3-8b,1,2.06765,74.0,11.4,1.6004,1.1721,,,,98.8
mixed CPT,qwen3-8b,0,4.0599,,,,,,,10.365,
mixed CPT,qwen3-8b,1,1.6974,282.4,22.6,1.9217,,1.9764,1.7223,8.911,709.9
QA-only 1-epoch (cosine over 1),gemma-4-e4b-it,1,1.96345,65.8,19.8,,,,,,
QA-only 3-epoch (cosine over 3),gemma-4-e4b-it,1,2.2419,65.2,19.8,1.6833,1.19796,,,,102.0
QA-only 3-epoch (cosine over 3),gemma-4-e4b-it,2,4.02746,64.5,19.8,0.5781,0.31713,,,,102.0
QA-only 3-epoch (cosine over 3),gemma-4-e4b-it,3,5.18349,64.9,19.8,0.1122,0.10079,,,,102.0
QA-only seed 43 (epoch 1 of 3),gemma-4-e4b-it,1,2.2607,66.4,19.8,1.6847,1.21254,,,,102.0
mixed CPT,gemma-4-e4b-it,0,4.3574,,,,,,,46.472,
mixed CPT,gemma-4-e4b-it,1,1.7509,242.3,23.1,2.0862,,2.1449,1.8754,10.247,311.3
QA-only 1-epoch (cosine over 1),llama-3.1-8b-instruct,1,2.01983,69.1,10.3,,,,,,
QA-only 3-epoch (cosine over 3),llama-3.1-8b-instruct,1,2.29331,68.7,10.3,1.5197,0.87813,,,,101.2
QA-only 3-epoch (cosine over 3),llama-3.1-8b-instruct,2,3.18984,68.8,10.3,0.2862,0.10299,,,,101.2
QA-only 3-epoch (cosine over 3),llama-3.1-8b-instruct,3,3.5818,68.9,10.3,0.0232,0.02685,,,,101.2
QA-only seed 43 (epoch 1 of 3),llama-3.1-8b-instruct,1,2.29022,75.3,10.3,1.5232,0.91423,,,,101.2
mixed CPT,llama-3.1-8b-instruct,0,2.6105,,,,,,,10.834,
mixed CPT,llama-3.1-8b-instruct,1,1.7109,149.6,20.1,1.9799,,2.0572,1.676,9.974,688.4
mixed CPT,llama-3.1-8b-instruct,2,1.9057,148.4,20.1,1.4185,,1.6175,0.6426,10.553,688.4
