system,family,variant,split,n,judge_lenient,judge_lenient_lo,judge_lenient_hi,judge_lenient_n,judge_strict,judge_strict_lo,judge_strict_hi,judge_strict_n,keyfact_recall,keyfact_recall_lo,keyfact_recall_hi,keyfact_recall_n,contradiction_rate,contradiction_rate_lo,contradiction_rate_hi,contradiction_rate_n,token_f1,token_f1_lo,token_f1_hi,token_f1_n,rouge_l,rouge_l_lo,rouge_l_hi,rouge_l_n,exact_repro,exact_repro_lo,exact_repro_hi,exact_repro_n,answer_words,answer_words_lo,answer_words_hi,answer_words_n
llama-3.1-8b-instruct__base,llama-3.1-8b-instruct,base,test_trained_exact,500,0.552,0.518,0.585,500,0.348,0.306,0.39,500,0.517,0.4833291666666667,0.5492016666666667,500,0.0996,0.07903249999999999,0.12150416666666664,500,0.1790640653364526,0.17133307736774792,0.18691785890686557,500,0.12924109773459405,0.12298710311849897,0.13567507974904908,500,0.0,0.0,0.0,500,222.082,214.22765,229.5972,500
llama-3.1-8b-instruct__base,llama-3.1-8b-instruct,base,test_seen_facts,279,0.521505376344086,0.482078853046595,0.5609318996415771,279,0.25448028673835127,0.20430107526881722,0.3046594982078853,279,0.49755077658303465,0.45537485065710875,0.5381137992831541,279,0.08309438470728793,0.06093189964157706,0.10896505376344083,279,0.15439320171429535,0.14591222619410513,0.1632952706123518,279,0.10729733706432962,0.10115157877510468,0.11396551199803959,279,0.0,0.0,0.0,279,227.8530465949821,216.6875448028674,238.68297491039425,279
llama-3.1-8b-instruct__base,llama-3.1-8b-instruct,base,test_indomain,500,0.5751503006012024,0.5430861723446894,0.6082164328657315,499,0.3627254509018036,0.32064128256513025,0.40480961923847697,499,0.5554666666666667,0.5227666666666666,0.5882008333333333,500,0.0907,0.07119916666666666,0.11093333333333334,500,0.18233899972579784,0.17479956532805632,0.1900331328186745,500,0.1300849419088224,0.12435645357101667,0.13651789642230536,500,0.0,0.0,0.0,500,219.658,212.1194,227.7526,500
llama-3.1-8b-instruct__base,llama-3.1-8b-instruct,base,test_heldout_docs,500,0.53420523138833,0.5030181086519114,0.5694164989939637,497,0.3380281690140845,0.2977867203219316,0.3822937625754527,497,0.4932,0.46235916666666665,0.5260341666666667,500,0.0999,0.07959499999999999,0.12110333333333331,500,0.17926176127740098,0.1725520542765924,0.1864165391042973,500,0.126887858314578,0.12184249627587693,0.13230297031455757,500,0.0,0.0,0.0,500,212.764,205.75715,219.96625,500
llama-3.1-8b-instruct__concise40,llama-3.1-8b-instruct,concise40,test_trained_exact,500,0.478,0.448,0.509,500,0.206,0.17,0.244,500,0.36923333333333336,0.3399333333333333,0.39903999999999995,500,0.11683333333333333,0.09573166666666667,0.14050083333333335,500,0.3235592574583774,0.31394843296307007,0.33336458957716303,500,0.23792189871232147,0.22918678683931043,0.24715173748776928,500,0.0,0.0,0.0,500,35.048,34.32195,35.85005,500
llama-3.1-8b-instruct__concise40,llama-3.1-8b-instruct,concise40,test_seen_facts,279,0.5304659498207885,0.4910394265232975,0.5716845878136201,279,0.26523297491039427,0.21505376344086022,0.31899641577060933,279,0.3561529271206691,0.3154047192353644,0.3950462962962963,279,0.11529271206690563,0.08602150537634409,0.14594235364396652,279,0.2651539280252811,0.25373073248152006,0.2758041097738473,279,0.1856185003458832,0.17683695268533847,0.1948879234041342,279,0.0,0.0,0.0,279,37.47670250896057,36.18637992831541,38.82437275985663,279
llama-3.1-8b-instruct__concise40,llama-3.1-8b-instruct,concise40,test_indomain,500,0.51,0.477,0.543,500,0.27,0.23,0.31,500,0.41806666666666664,0.38756416666666665,0.4478424999999999,500,0.10196666666666666,0.08236583333333333,0.12290083333333333,500,0.3220973581685248,0.3124399700088971,0.3322134487178666,500,0.23870457161778613,0.2299574530487108,0.24794696342848538,500,0.0,0.0,0.0,500,37.004,35.87795,38.31,500
llama-3.1-8b-instruct__concise40,llama-3.1-8b-instruct,concise40,test_heldout_docs,500,0.506,0.475,0.538,500,0.26,0.224,0.3,500,0.3747,0.3446641666666666,0.4046666666666667,500,0.10216666666666666,0.08209916666666665,0.12336749999999999,500,0.3109399205098321,0.3016180638505692,0.32037246478871456,500,0.2291577131904275,0.22041215946303921,0.2379725607469394,500,0.0,0.0,0.0,500,35.842,34.9619,36.714,500
llama-3.1-8b-instruct__ep1,llama-3.1-8b-instruct,ep1,test_trained_exact,500,0.607,0.576,0.638,500,0.38,0.34,0.422,500,0.4298666666666667,0.3989258333333333,0.4625675,500,0.05836666666666666,0.043465833333333335,0.07406916666666666,500,0.4813184485491584,0.46348165356171006,0.49935380681482916,500,0.41315924260632814,0.3932025262319783,0.4330175096776656,500,0.08,0.058,0.106,500,35.13,33.86795,36.4603,500
llama-3.1-8b-instruct__ep1,llama-3.1-8b-instruct,ep1,test_seen_facts,279,0.6146953405017921,0.5752688172043011,0.6541218637992832,279,0.3655913978494624,0.30824372759856633,0.4229390681003584,279,0.3871565113500598,0.34503733572281964,0.4290352449223417,279,0.07837514934289128,0.05477747909199522,0.10454450418160095,279,0.3633944673000035,0.3451349259130109,0.38222618619007914,279,0.2810280559122013,0.2624424645237398,0.30144119640273814,279,0.025089605734767026,0.007168458781362007,0.04659498207885305,279,38.00358422939068,36.3655017921147,39.71720430107526,279
llama-3.1-8b-instruct__ep1,llama-3.1-8b-instruct,ep1,test_indomain,500,0.525,0.496,0.554,500,0.23,0.194,0.268,500,0.372,0.34223249999999994,0.4019041666666667,500,0.08746666666666666,0.06749916666666667,0.10680166666666666,500,0.35848580617289383,0.34838667998053674,0.3687560107662919,500,0.2687720751677346,0.25877117172040764,0.2781617881249535,500,0.002,0.0,0.008,500,36.012,34.802,37.308299999999996,500
llama-3.1-8b-instruct__ep1,llama-3.1-8b-instruct,ep1,test_heldout_docs,500,0.46,0.432,0.491,500,0.196,0.162,0.234,500,0.32456666666666667,0.29702999999999996,0.355035,500,0.09253333333333333,0.07283166666666667,0.11433916666666663,500,0.33411687154428293,0.32393111433784044,0.3439142903367922,500,0.24801685455916572,0.23813370238328307,0.25771978125135475,500,0.002,0.0,0.008,500,36.112,34.832,37.400099999999995,500
llama-3.1-8b-instruct__ep2,llama-3.1-8b-instruct,ep2,test_trained_exact,500,0.853,0.828,0.876,500,0.756,0.718,0.792,500,0.7257,0.69549,0.7602091666666666,500,0.028966666666666665,0.018265,0.041299999999999996,500,0.8112080164172873,0.7896532898007272,0.8331694326297295,500,0.7884338310531835,0.7637380546698737,0.8135361495421192,500,0.658,0.618,0.7,500,38.758,37.3859,40.17005,500
llama-3.1-8b-instruct__ep2,llama-3.1-8b-instruct,ep2,test_seen_facts,279,0.6738351254480287,0.6362007168458781,0.7114695340501792,279,0.45161290322580644,0.3906810035842294,0.5053763440860215,279,0.4870967741935484,0.44002240143369176,0.5295788530465949,279,0.06457586618876941,0.0437858422939068,0.08781660692951014,279,0.4633718353262951,0.43783099607175757,0.49044682657647426,279,0.39734779420184524,0.36854284434866524,0.4270625499362746,279,0.12544802867383512,0.08602150537634409,0.16487455197132617,279,43.204301075268816,41.250627240143366,45.25824372759857,279
llama-3.1-8b-instruct__ep2,llama-3.1-8b-instruct,ep2,test_indomain,500,0.496,0.468,0.524,500,0.196,0.162,0.23,500,0.3715,0.34256333333333333,0.40173749999999997,500,0.09296666666666667,0.07409916666666666,0.11297083333333331,500,0.3377024940403337,0.32916841594073576,0.34651293361305574,500,0.24526283494772258,0.23648211354863466,0.25373341555564244,500,0.0,0.0,0.0,500,40.916,39.49985,42.40615,500
llama-3.1-8b-instruct__ep2,llama-3.1-8b-instruct,ep2,test_heldout_docs,500,0.465,0.436975,0.4940249999999999,500,0.188,0.156,0.222,500,0.31089999999999995,0.2841325,0.3397675,500,0.1019,0.08063249999999998,0.12316999999999997,500,0.3103455535617103,0.3017954525941046,0.32004979643207654,500,0.22234393707838507,0.21411788199643306,0.2312643384137674,500,0.002,0.0,0.006,500,42.76,41.251850000000005,44.336,500
llama-3.1-8b-instruct__ep3,llama-3.1-8b-instruct,ep3,test_trained_exact,500,0.896,0.874,0.915,500,0.824,0.79,0.856,500,0.7512666666666666,0.7188641666666666,0.7842733333333333,500,0.01896666666666667,0.010799166666666665,0.028268333333333322,500,0.8563195971202989,0.836400176606611,0.8757805366841075,500,0.839476750668591,0.8171312346488007,0.8610003756211584,500,0.742,0.704,0.78,500,38.09,36.72795,39.4661,500
llama-3.1-8b-instruct__ep3,llama-3.1-8b-instruct,ep3,test_seen_facts,279,0.6541218637992832,0.6129032258064516,0.6917562724014337,279,0.4336917562724014,0.3763440860215054,0.487544802867383,279,0.48482676224611704,0.43750597371565114,0.526884707287933,279,0.05830346475507765,0.0374537037037037,0.07927270011947431,279,0.473018088882267,0.44513557325876874,0.4995064684816981,279,0.41080959687700397,0.3807612544826548,0.44048590505874585,279,0.14336917562724014,0.1039426523297491,0.1863799283154122,279,42.168458781362006,40.23996415770609,44.16854838709677,279
llama-3.1-8b-instruct__ep3,llama-3.1-8b-instruct,ep3,test_indomain,500,0.514,0.486,0.541,500,0.212,0.176,0.248,500,0.37110000000000004,0.3419191666666666,0.40190166666666666,500,0.07693333333333333,0.06013333333333334,0.09446666666666667,500,0.3338738768038368,0.32464729916876445,0.34339253906989103,500,0.2426725460844682,0.23416686676854637,0.25120916602058874,500,0.0,0.0,0.0,500,40.284,38.97795,41.66405,500
llama-3.1-8b-instruct__ep3,llama-3.1-8b-instruct,ep3,test_heldout_docs,500,0.462,0.434,0.492,500,0.188,0.156,0.222,500,0.30806666666666666,0.2814291666666667,0.3372033333333333,500,0.09013333333333333,0.07103166666666667,0.11243500000000001,500,0.3111505455797847,0.3024054732597622,0.32020607826742004,500,0.22573812028381637,0.21688982188042025,0.2344535450441169,500,0.002,0.0,0.006,500,41.086,39.76185,42.5242,500
llama-3.1-8b-instruct__cpt_ep1,llama-3.1-8b-instruct,cpt_ep1,test_trained_exact,500,0.564128256513026,0.5360721442885772,0.593186372745491,499,0.29458917835671344,0.2565130260521042,0.3346693386773547,499,0.4055333333333333,0.37462833333333334,0.4380716666666667,500,0.06620000000000001,0.049966666666666666,0.08203583333333332,500,0.4259283423658431,0.41224255432331164,0.43965746846881154,500,0.34565578077231296,0.33072136972002597,0.36024909418623935,500,0.026,0.014,0.04,500,35.102,33.98175,36.248149999999995,500
llama-3.1-8b-instruct__cpt_ep1,llama-3.1-8b-instruct,cpt_ep1,test_seen_facts,279,0.5716845878136201,0.5340501792114696,0.6093637992831539,279,0.2831541218637993,0.22939068100358423,0.33691756272401435,279,0.37162485065710876,0.3297401433691756,0.4106959378733573,279,0.08064516129032256,0.05477598566308244,0.10734916367980883,279,0.3243075056313115,0.3101654240319137,0.33868648963037334,279,0.24233239574245263,0.22887581756340758,0.25701404088863633,279,0.007168458781362007,0.0,0.017921146953405017,279,38.23297491039426,36.72043010752688,39.69901433691756,279
llama-3.1-8b-instruct__cpt_ep1,llama-3.1-8b-instruct,cpt_ep1,test_indomain,500,0.539,0.51,0.568,500,0.256,0.218,0.294,500,0.37376666666666664,0.34476416666666665,0.4034008333333334,500,0.06896666666666666,0.05219833333333334,0.08650166666666666,500,0.3799689051877375,0.3693517189388493,0.39115411885393614,500,0.2897495938578303,0.27895163877431534,0.30055080409359347,500,0.002,0.0,0.008,500,35.542,34.31775,36.720299999999995,500
llama-3.1-8b-instruct__cpt_ep1,llama-3.1-8b-instruct,cpt_ep1,test_heldout_docs,500,0.502,0.472,0.532,500,0.234,0.198,0.272,500,0.33976666666666666,0.3121975,0.36846666666666666,500,0.08553333333333334,0.06736500000000001,0.10513749999999998,500,0.3518536140792323,0.3414788256243597,0.36246513386221924,500,0.2626248265398901,0.2525327325602045,0.27301817837385106,500,0.004,0.0,0.01,500,35.806,34.73,36.88615,500
llama-3.1-8b-instruct__cpt_ep2,llama-3.1-8b-instruct,cpt_ep2,test_trained_exact,500,0.735,0.7069749999999999,0.763,500,0.55,0.506,0.596,500,0.5829666666666667,0.5481625,0.6164408333333332,500,0.03306666666666666,0.022465000000000002,0.044434166666666663,500,0.6188067085402733,0.5955533960892132,0.6411293235523761,500,0.5648479678007695,0.5385064391266797,0.5916719739984269,500,0.308,0.26795,0.348,500,37.958,36.65985,39.30805,500
llama-3.1-8b-instruct__cpt_ep2,llama-3.1-8b-instruct,cpt_ep2,test_seen_facts,279,0.6200716845878136,0.578853046594982,0.6577508960573475,279,0.3763440860215054,0.3189068100358423,0.4336917562724014,279,0.41869772998805255,0.375981182795699,0.4610513739545997,279,0.08076463560334529,0.05734767025089606,0.10561827956989246,279,0.39831254214250117,0.37612511122231396,0.42232085113273143,279,0.3197561808608419,0.2954455270078048,0.34606066728461404,279,0.07526881720430108,0.04659498207885305,0.10752688172043011,279,40.784946236559136,39.057258064516134,42.60241935483871,279
llama-3.1-8b-instruct__cpt_ep2,llama-3.1-8b-instruct,cpt_ep2,test_indomain,500,0.528,0.5,0.556,500,0.248,0.21,0.286,500,0.37343333333333334,0.3446,0.40320000000000006,500,0.08506666666666667,0.06709916666666665,0.10319999999999999,500,0.3524127031153681,0.34208269003908304,0.36267213458289255,500,0.2616818328145836,0.2513356860932417,0.2716953133457312,500,0.0,0.0,0.0,500,38.214,36.96395,39.568,500
llama-3.1-8b-instruct__cpt_ep2,llama-3.1-8b-instruct,cpt_ep2,test_heldout_docs,500,0.469,0.437,0.4990249999999999,500,0.23,0.196,0.268,500,0.3228666666666667,0.29462999999999995,0.3514683333333333,500,0.08746666666666666,0.0705,0.10610333333333331,500,0.3163511715799084,0.3066640675204592,0.3264237197473596,500,0.23161102708743903,0.22276198011225395,0.24110589111343503,500,0.002,0.0,0.006,500,39.79,38.411899999999996,41.102,500
qwen3-8b__base,qwen3-8b,base,test_trained_exact,500,0.657,0.623,0.688,500,0.474,0.43,0.518,500,0.5585333333333333,0.5276316666666666,0.5909350000000001,500,0.09266666666666666,0.07326583333333332,0.11380166666666666,500,0.26580728105493245,0.25713541935165707,0.2754477165068611,500,0.18566860607851918,0.1773432581756398,0.19477838579183288,500,0.0,0.0,0.0,500,123.924,118.52539999999999,129.484,500
qwen3-8b__base,qwen3-8b,base,test_seen_facts,279,0.6487455197132617,0.6039426523297491,0.6917562724014337,279,0.46236559139784944,0.4014336917562724,0.5197132616487455,279,0.522520908004779,0.47878584229390686,0.5648252688172043,279,0.1078853046594982,0.08034348864994025,0.1358452807646356,279,0.21277830138012144,0.2027787361495725,0.22225919802980046,279,0.14090451290694384,0.133700938546923,0.14885222918447463,279,0.0,0.0,0.0,279,141.84229390681003,134.07249103942652,149.5089605734767,279
qwen3-8b__base,qwen3-8b,base,test_indomain,500,0.669,0.637,0.7,500,0.488,0.444,0.532,500,0.5642666666666667,0.5327649999999999,0.5941008333333333,500,0.09613333333333333,0.07549833333333333,0.11806749999999999,500,0.2647623790858444,0.256348570583875,0.2736507963567413,500,0.1810033833450862,0.17445196601168234,0.18820739170058146,500,0.0,0.0,0.0,500,124.168,118.61784999999999,129.60535000000002,500
qwen3-8b__base,qwen3-8b,base,test_heldout_docs,500,0.642,0.609,0.676,500,0.47,0.42795,0.516,500,0.5178333333333334,0.487,0.5496074999999998,500,0.08830000000000002,0.069565,0.10706749999999998,500,0.2590972720882236,0.2511030660374612,0.2673297655708408,500,0.17512571714351186,0.1686116188623816,0.18152184578301567,500,0.0,0.0,0.0,500,121.7,116.6218,126.81419999999999,500
qwen3-8b__concise40,qwen3-8b,concise40,test_trained_exact,500,0.537,0.508975,0.5640249999999998,500,0.25,0.214,0.29,500,0.3373,0.30779833333333334,0.3689024999999999,500,0.09583333333333333,0.07592833333333333,0.11713499999999999,500,0.3204095873636646,0.3088098796989786,0.33161039522368546,500,0.24659393149122838,0.2357185258599431,0.25697286024613536,500,0.004,0.0,0.01,500,24.84,24.36395,25.318,500
qwen3-8b__concise40,qwen3-8b,concise40,test_seen_facts,279,0.5824372759856631,0.543010752688172,0.6218637992831542,279,0.3154121863799283,0.25806451612903225,0.36917562724014336,279,0.315531660692951,0.2766412783751494,0.35139784946236546,279,0.10495818399044204,0.07711768219832735,0.13489247311827954,279,0.26255499909393437,0.25107958349089254,0.273455427952936,279,0.19098961715814997,0.18134011840684117,0.2010681261102251,279,0.0,0.0,0.0,279,25.114695340501793,24.523207885304657,25.724014336917563,279
qwen3-8b__concise40,qwen3-8b,concise40,test_indomain,500,0.548,0.521,0.577,500,0.268,0.228,0.306,500,0.36510000000000004,0.3344666666666667,0.39530666666666664,500,0.0962,0.07589916666666667,0.11583416666666667,500,0.3054105734513387,0.2947980861142782,0.3154867050960692,500,0.23056405320001505,0.2210748775162494,0.23978001005455918,500,0.0,0.0,0.0,500,24.988,24.548,25.438,500
qwen3-8b__concise40,qwen3-8b,concise40,test_heldout_docs,500,0.547,0.517,0.579,500,0.294,0.252,0.336,500,0.34676666666666667,0.3180299999999999,0.3792675,500,0.09703333333333333,0.07669749999999999,0.11776916666666666,500,0.29149139018716896,0.2812812210411243,0.3019953074290506,500,0.2189388435981566,0.20929292735559135,0.22897155849520928,500,0.004,0.0,0.01,500,24.99,24.565949999999997,25.396,500
qwen3-8b__ep1,qwen3-8b,ep1,test_trained_exact,500,0.593,0.562975,0.6220249999999998,500,0.34,0.298,0.382,500,0.3990333333333333,0.3689658333333334,0.43210333333333334,500,0.06939999999999999,0.05319583333333333,0.08614916666666657,500,0.4452241141306557,0.4294700281351138,0.46119569627192863,500,0.3682198956378654,0.3510221000264782,0.3854967372287795,500,0.054,0.036,0.074,500,32.536,31.4239,33.644099999999995,500
qwen3-8b__ep1,qwen3-8b,ep1,test_seen_facts,279,0.5734767025089605,0.5340501792114696,0.6129032258064516,279,0.3046594982078853,0.25089605734767023,0.35842293906810035,279,0.3379928315412187,0.2979659498207885,0.3761678614097969,279,0.08572281959378733,0.05973566308243727,0.11421893667861407,279,0.33555091180876867,0.3214799133699794,0.35139241454360526,279,0.25466798925505824,0.24045235917033414,0.27074969774510377,279,0.010752688172043012,0.0,0.025089605734767026,279,34.630824372759854,33.15385304659498,36.14695340501792,279
qwen3-8b__ep1,qwen3-8b,ep1,test_indomain,500,0.535,0.505,0.564,500,0.258,0.222,0.298,500,0.36010000000000003,0.33029500000000006,0.3906016666666667,500,0.07013333333333333,0.05313166666666667,0.08780083333333334,500,0.36289235671650205,0.3525075281516495,0.37347994970579634,500,0.2753312935795861,0.2650483019471552,0.2862372990343934,500,0.002,0.0,0.006,500,32.942,31.9319,34.108599999999996,500
qwen3-8b__ep1,qwen3-8b,ep1,test_heldout_docs,500,0.506,0.476,0.535,500,0.236,0.2,0.272,500,0.34546666666666664,0.3169975,0.3756025,500,0.10133333333333334,0.08073166666666666,0.12406666666666666,500,0.3400697601555261,0.32957549841645517,0.3506288589675238,500,0.2558583243899988,0.24538347288179344,0.26640856060300816,500,0.004,0.0,0.01,500,33.166,32.116,34.214099999999995,500
qwen3-8b__ep2,qwen3-8b,ep2,test_trained_exact,500,0.667,0.638,0.696,500,0.454,0.412,0.498,500,0.5114000000000001,0.4781633333333333,0.5444733333333333,500,0.04769999999999999,0.0349325,0.06173499999999999,500,0.536642778993718,0.5159864453157693,0.5581794477336878,500,0.4742222053002408,0.4509363973353665,0.4985408582663593,500,0.184,0.15,0.218,500,38.748,37.45195,40.13805,500
qwen3-8b__ep2,qwen3-8b,ep2,test_seen_facts,279,0.589605734767025,0.553763440860215,0.6254928315412184,279,0.3010752688172043,0.25089605734767023,0.35842293906810035,279,0.4259856630824373,0.3850657108721625,0.46595579450418156,279,0.08261648745519712,0.05866039426523297,0.10760155316606922,279,0.3661686958877378,0.3481660040549186,0.38519586076446644,279,0.2827219901757133,0.2639320140578027,0.30327500865272994,279,0.025089605734767026,0.007168458781362007,0.04659498207885305,279,42.34767025089606,40.68817204301075,44.08620071684588,279
qwen3-8b__ep2,qwen3-8b,ep2,test_indomain,500,0.508,0.48,0.536,500,0.22,0.184,0.258,500,0.38070000000000004,0.3507983333333333,0.41076916666666663,500,0.08536666666666666,0.0668658333333333,0.10526916666666664,500,0.3426084604684557,0.33281293495607817,0.35268429807413143,500,0.25360308373011536,0.2443058063483043,0.2634624219469958,500,0.0,0.0,0.0,500,39.732,38.48995,41.10809999999999,500
qwen3-8b__ep2,qwen3-8b,ep2,test_heldout_docs,500,0.477,0.447,0.507,500,0.214,0.178,0.252,500,0.3233666666666667,0.29516583333333335,0.3535666666666666,500,0.0849,0.06653166666666667,0.10560416666666664,500,0.3188225658859912,0.30929648831185674,0.32898668171569495,500,0.23261476248619542,0.22346559166314442,0.24217945320307732,500,0.002,0.0,0.006,500,40.716,39.385850000000005,41.97405,500
qwen3-8b__ep3,qwen3-8b,ep3,test_trained_exact,500,0.67,0.642,0.699,500,0.46,0.42,0.504,500,0.529,0.49535500000000005,0.5624375,500,0.055266666666666665,0.04089916666666666,0.07143416666666666,500,0.5613953496640807,0.5392821985608476,0.5835534299398734,500,0.5022996913744902,0.47715617756777234,0.5281397414049435,500,0.214,0.178,0.248,500,38.116,36.8679,39.3682,500
qwen3-8b__ep3,qwen3-8b,ep3,test_seen_facts,279,0.5842293906810035,0.5448028673835126,0.6218637992831542,279,0.30824372759856633,0.25806451612903225,0.36200716845878134,279,0.4068100358422939,0.3665442054958184,0.44856630824372756,279,0.07783751493428913,0.05262395459976105,0.10424283154121863,279,0.35686396874610865,0.3385521261786991,0.37616623310497516,279,0.27881507394402466,0.25950760161588754,0.2991003039775385,279,0.025089605734767026,0.007168458781362007,0.043010752688172046,279,42.96415770609319,41.19336917562724,44.79937275985663,279
qwen3-8b__ep3,qwen3-8b,ep3,test_indomain,500,0.5360721442885772,0.5060120240480962,0.564128256513026,499,0.24448897795591182,0.20641282565130262,0.28256513026052105,499,0.38476666666666665,0.3542325,0.4149383333333333,500,0.0792,0.061329166666666664,0.09830083333333334,500,0.3426534536818729,0.33318742702683724,0.3520897599892184,500,0.2525358456878402,0.24342071980280172,0.26229154613709893,500,0.0,0.0,0.0,500,40.054,38.70795,41.444,500
qwen3-8b__ep3,qwen3-8b,ep3,test_heldout_docs,500,0.4759519038076152,0.4468937875751503,0.5070140280561122,499,0.21042084168336672,0.17635270541082165,0.24849699398797595,499,0.33693333333333336,0.30786250000000004,0.36740416666666664,500,0.09090000000000001,0.07156583333333333,0.11140416666666664,500,0.3146413794775236,0.3051742202239651,0.32428984278745837,500,0.2272459000668366,0.2182617479014255,0.2370519062712309,500,0.002,0.0,0.006,500,39.91,38.6639,41.1541,500
qwen3-8b__cpt_ep1,qwen3-8b,cpt_ep1,test_trained_exact,500,0.5691382765531062,0.5390781563126252,0.5981963927855711,499,0.2865731462925852,0.24649298597194388,0.32665330661322645,499,0.3629666666666667,0.3336958333333333,0.3922441666666666,500,0.07146666666666666,0.05256583333333333,0.08970166666666667,500,0.40761119481863284,0.3946882822089316,0.4207349757537828,500,0.32400536728099255,0.30921313395611694,0.33850662384617947,500,0.022,0.01,0.036,500,32.394,31.38775,33.444050000000004,500
qwen3-8b__cpt_ep1,qwen3-8b,cpt_ep1,test_seen_facts,279,0.5752688172043011,0.5340501792114696,0.6182795698924731,279,0.33691756272401435,0.27956989247311825,0.3942652329749104,279,0.3333333333333333,0.29086021505376347,0.3741353046594982,279,0.08213859020310632,0.05787933094384707,0.10902329749103941,279,0.31101489513645,0.297284955225522,0.32485589731975817,279,0.2305460431869229,0.21813074038161795,0.24377604059020233,279,0.0035842293906810036,0.0,0.010752688172043012,279,34.53405017921147,33.16487455197132,35.93216845878136,279
qwen3-8b__cpt_ep1,qwen3-8b,cpt_ep1,test_indomain,500,0.557,0.527,0.586,500,0.284,0.246,0.324,500,0.37239999999999995,0.34239749999999997,0.40157,500,0.07483333333333334,0.0567625,0.09336749999999998,500,0.37752359835609706,0.3668391553847707,0.3880251537979081,500,0.2883884030143713,0.2776759551583326,0.2983386425626588,500,0.004,0.0,0.01,500,32.524,31.533749999999998,33.608,500
qwen3-8b__cpt_ep1,qwen3-8b,cpt_ep1,test_heldout_docs,500,0.499,0.468,0.529,500,0.23,0.192,0.268,500,0.3225666666666666,0.2951083333333333,0.35346750000000005,500,0.08733333333333335,0.06829583333333335,0.10780249999999998,500,0.35457408650823574,0.3439008640470039,0.36560353278832836,500,0.27423498626076276,0.2635253304239786,0.28538279179895776,500,0.004,0.0,0.01,500,32.836,31.8099,33.8622,500
gemma-4-e4b-it__base,gemma-4-e4b-it,base,test_trained_exact,500,0.702,0.667,0.734,500,0.57,0.526,0.614,500,0.5622333333333334,0.5299641666666667,0.5942708333333333,500,0.0731,0.05679666666666666,0.090935,500,0.1734063617234433,0.16637876300804538,0.18011073350962026,500,0.11787079193686008,0.11252967010454354,0.12323315454279955,500,0.0,0.0,0.0,500,227.904,219.1779,236.39114999999998,500
gemma-4-e4b-it__base,gemma-4-e4b-it,base,test_seen_facts,279,0.6684587813620072,0.6236559139784946,0.7114695340501792,279,0.5161290322580645,0.45878136200716846,0.5734767025089605,279,0.5299283154121864,0.4846415770609319,0.5734767025089605,279,0.06266427718040622,0.04378733572281959,0.08530465949820787,279,0.1505077595173167,0.14228223069753332,0.1584462843508276,279,0.10093235291878287,0.09491650037647777,0.10721891784480106,279,0.0,0.0,0.0,279,237.51971326164875,225.556541218638,249.58781362007167,279
gemma-4-e4b-it__base,gemma-4-e4b-it,base,test_indomain,500,0.7314629258517034,0.6993987975951904,0.7635270541082164,499,0.593186372745491,0.5470941883767535,0.6372745490981964,499,0.5743333333333334,0.5440966666666667,0.6043333333333333,500,0.0778,0.061166666666666675,0.09500249999999999,500,0.17698276248911235,0.17011062912370803,0.18400850819862374,500,0.11959537991233446,0.11436613071438839,0.12503759642294243,500,0.0,0.0,0.0,500,227.888,219.89805,235.64894999999999,500
gemma-4-e4b-it__base,gemma-4-e4b-it,base,test_heldout_docs,500,0.679,0.645975,0.712,500,0.532,0.488,0.576,500,0.5407333333333334,0.5100233333333334,0.5729016666666668,500,0.06536666666666666,0.048799999999999996,0.08176666666666665,500,0.1774398064542992,0.17120461769146977,0.18444369385636716,500,0.11822725993592204,0.11303361617442308,0.12369203867661856,500,0.0,0.0,0.0,500,222.444,214.6738,230.83100000000002,500
gemma-4-e4b-it__concise40,gemma-4-e4b-it,concise40,test_trained_exact,500,0.546,0.517,0.5740249999999998,500,0.268,0.22995000000000002,0.308,500,0.31626666666666664,0.2869275,0.3478008333333333,500,0.08170000000000001,0.06362916666666665,0.10023333333333331,500,0.288949619818909,0.2793471926360957,0.29850165340536955,500,0.2140489442470863,0.20520294901502972,0.2228085547546387,500,0.002,0.0,0.006,500,26.426,26.141949999999998,26.69605,500
gemma-4-e4b-it__concise40,gemma-4-e4b-it,concise40,test_seen_facts,279,0.5949820788530465,0.553763440860215,0.6344086021505376,279,0.3333333333333333,0.27948028673835124,0.3870967741935484,279,0.3027479091995221,0.2637933094384707,0.3392562724014337,279,0.07670250896057347,0.05465949820788531,0.09928763440860214,279,0.247907717622638,0.23666405814087016,0.25910318140949556,279,0.17930034869388614,0.17015577219398167,0.1888738058063883,279,0.0,0.0,0.0,279,26.63799283154122,26.28306451612903,27.018010752688173,279
gemma-4-e4b-it__concise40,gemma-4-e4b-it,concise40,test_indomain,500,0.595,0.5659749999999999,0.623,500,0.324,0.282,0.366,500,0.3673,0.3362658333333333,0.3961358333333333,500,0.0673,0.052864999999999995,0.08313499999999999,500,0.28678973617933,0.27720916002421736,0.29614619632062583,500,0.21084727005640794,0.2020625040122312,0.21899300622497606,500,0.0,0.0,0.0,500,26.568,26.289949999999997,26.85205,500
gemma-4-e4b-it__concise40,gemma-4-e4b-it,concise40,test_heldout_docs,500,0.564,0.534975,0.5930249999999998,500,0.312,0.272,0.352,500,0.3428333333333334,0.3131308333333333,0.3749350000000001,500,0.06783333333333333,0.0517625,0.08440249999999999,500,0.27563417062451095,0.2667616548997193,0.2850039558550334,500,0.20366374583969196,0.19524901858094834,0.21181679384572227,500,0.0,0.0,0.0,500,27.0,26.712,27.28,500
gemma-4-e4b-it__ep1,gemma-4-e4b-it,ep1,test_trained_exact,500,0.563,0.531,0.593,500,0.304,0.262,0.346,500,0.3646333333333333,0.33339583333333334,0.3975408333333333,500,0.07326666666666666,0.055898333333333335,0.09200083333333332,500,0.4218464175448546,0.40776334312961376,0.4363921179167223,500,0.34072814787282957,0.32464664483029554,0.35696238383310247,500,0.026,0.014,0.04,500,30.788,29.73395,31.944049999999997,500
gemma-4-e4b-it__ep1,gemma-4-e4b-it,ep1,test_seen_facts,279,0.5949820788530465,0.5537186379928315,0.6326164874551972,279,0.34408602150537637,0.2903225806451613,0.3979390681003579,279,0.3590203106332139,0.3164232377538829,0.4002986857825568,279,0.08464755077658302,0.05776135005973716,0.11225358422939063,279,0.3397370246940735,0.32551198011331584,0.35569429907373096,279,0.25581775711042126,0.24134085923447937,0.27168775817718616,279,0.014336917562724014,0.0035842293906810036,0.02867383512544803,279,34.31541218637993,32.788440860215054,35.85663082437276,279
gemma-4-e4b-it__ep1,gemma-4-e4b-it,ep1,test_indomain,500,0.553,0.526,0.581,500,0.27,0.23,0.308,500,0.37106666666666666,0.33882750000000006,0.40166999999999997,500,0.06879999999999999,0.052065,0.08520083333333332,500,0.36941581577600424,0.35792924951025806,0.3801215244841072,500,0.2802396284008535,0.2692247031886347,0.2907286197597061,500,0.006,0.0,0.014,500,31.208,30.1519,32.35209999999999,500
gemma-4-e4b-it__ep1,gemma-4-e4b-it,ep1,test_heldout_docs,500,0.5,0.471,0.53,500,0.23,0.192,0.268,500,0.322,0.29413249999999996,0.3506358333333333,500,0.09620000000000001,0.07646333333333333,0.1173675,500,0.3474465043819705,0.33747366630499154,0.35844332604444107,500,0.267041544480149,0.2569668149802848,0.27755420639502115,500,0.002,0.0,0.008,500,31.6,30.553949999999997,32.598,500
gemma-4-e4b-it__ep2,gemma-4-e4b-it,ep2,test_trained_exact,500,0.614,0.583,0.644,500,0.374,0.33,0.418,500,0.422,0.3905,0.45483333333333337,500,0.06776666666666667,0.05169916666666667,0.08480166666666666,500,0.46671418593480357,0.45018497135265684,0.4835340912778049,500,0.3938389830616162,0.3757726502407428,0.41291927520693783,500,0.066,0.044,0.088,500,33.574,32.4379,34.73005,500
gemma-4-e4b-it__ep2,gemma-4-e4b-it,ep2,test_seen_facts,279,0.5985663082437276,0.5555555555555556,0.6397849462365591,279,0.35125448028673834,0.2939068100358423,0.40860215053763443,279,0.3859020310633214,0.34479838709677424,0.4253897849462365,279,0.0897252090800478,0.06320191158900836,0.11732974910394262,279,0.35864543805890126,0.3416880074356319,0.3761981364358044,279,0.27160574422807415,0.2547345714248679,0.28970668404492933,279,0.017921146953405017,0.0035842293906810036,0.035842293906810034,279,36.645161290322584,34.924731182795696,38.38001792114695,279
gemma-4-e4b-it__ep2,gemma-4-e4b-it,ep2,test_indomain,500,0.53,0.501,0.5600249999999999,500,0.254,0.218,0.292,500,0.36406666666666665,0.3348983333333333,0.39596916666666665,500,0.0695,0.05203166666666667,0.08693749999999997,500,0.35109568180952905,0.3410652781599735,0.36117967686206087,500,0.2634665072005406,0.2537452422629179,0.27309583953977995,500,0.0,0.0,0.0,500,34.876,33.73395,36.09425,500
gemma-4-e4b-it__ep2,gemma-4-e4b-it,ep2,test_heldout_docs,500,0.498,0.468,0.527,500,0.24,0.202,0.278,500,0.32730000000000004,0.30066499999999996,0.3571708333333333,500,0.09340000000000001,0.07396416666666666,0.11396666666666666,500,0.33205719365771413,0.32249271334356494,0.3424203051880516,500,0.24573144026727786,0.23666702101497203,0.25523121923495606,500,0.002,0.0,0.008,500,34.95,33.823899999999995,36.09,500
gemma-4-e4b-it__ep3,gemma-4-e4b-it,ep3,test_trained_exact,500,0.638,0.608,0.668,500,0.392,0.34795,0.436,500,0.432,0.39823166666666665,0.4656375,500,0.060700000000000004,0.04543333333333334,0.07610166666666666,500,0.48570534789198416,0.4692815611080081,0.503209272810584,500,0.4133349329021746,0.394952252530664,0.43362450700375277,500,0.09,0.066,0.116,500,34.026,32.87995,35.17805,500
gemma-4-e4b-it__ep3,gemma-4-e4b-it,ep3,test_seen_facts,279,0.6290322580645161,0.589605734767025,0.6684587813620072,279,0.3763440860215054,0.31899641577060933,0.4336917562724014,279,0.4019713261648746,0.36110812425328553,0.44129330943847067,279,0.08554360812425328,0.058599163679808844,0.11248655913978493,279,0.36805579358642915,0.3514635570868177,0.3846902432001091,279,0.27944590800350977,0.2621365913784432,0.2979860875048997,279,0.017921146953405017,0.0035842293906810036,0.035842293906810034,279,37.58064516129032,36.035663082437274,39.08978494623656,279
gemma-4-e4b-it__ep3,gemma-4-e4b-it,ep3,test_indomain,500,0.532,0.502,0.561,500,0.254,0.218,0.294,500,0.3686333333333333,0.3397625,0.39876999999999996,500,0.07646666666666667,0.059,0.09413499999999998,500,0.3397556073706327,0.3299609371612877,0.34990865655509334,500,0.25229038463607917,0.24281943137884668,0.2614294714454764,500,0.0,0.0,0.0,500,35.002,33.95575,36.132149999999996,500
gemma-4-e4b-it__ep3,gemma-4-e4b-it,ep3,test_heldout_docs,500,0.484,0.454,0.514,500,0.234,0.198,0.272,500,0.3354,0.30619916666666663,0.3673666666666667,500,0.0846,0.06566583333333331,0.1052358333333333,500,0.3263004449998052,0.31673616265387106,0.3361724243604335,500,0.23928542769521355,0.23009507712011962,0.24868093375442987,500,0.002,0.0,0.008,500,35.888,34.7298,37.0262,500
gemma-4-e4b-it__cpt_ep1,gemma-4-e4b-it,cpt_ep1,test_trained_exact,500,0.534,0.502,0.564,500,0.268,0.23,0.306,500,0.3325333333333333,0.3027316666666667,0.36293749999999997,500,0.07629999999999999,0.05809916666666666,0.09460083333333331,500,0.39397351787861307,0.38146001304952465,0.4061286775441964,500,0.3116563183377077,0.2985007905414082,0.32476415623929566,500,0.01,0.002,0.02,500,29.688,28.72795,30.67805,500
gemma-4-e4b-it__cpt_ep1,gemma-4-e4b-it,cpt_ep1,test_seen_facts,279,0.553763440860215,0.514336917562724,0.5967741935483871,279,0.2831541218637993,0.22939068100358423,0.33691756272401435,279,0.3167861409796893,0.2766397849462366,0.35597520908004776,279,0.0996415770609319,0.0706063321385902,0.12957735961768216,279,0.30451573471973675,0.2921830652106728,0.3167814390101304,279,0.22372073411291504,0.21252965883513752,0.2350491894991989,279,0.0035842293906810036,0.0,0.010752688172043012,279,33.0,31.623476702508963,34.48028673835125,279
gemma-4-e4b-it__cpt_ep1,gemma-4-e4b-it,cpt_ep1,test_indomain,500,0.547,0.518,0.576,500,0.274,0.236,0.316,500,0.3648666666666667,0.3364991666666667,0.39426666666666665,500,0.07333333333333335,0.05679916666666667,0.09060166666666666,500,0.3771970579905463,0.36563928447007876,0.3885032518337082,500,0.29158965869687437,0.27996896756662615,0.3027679154322545,500,0.008,0.002,0.016,500,31.16,30.11995,32.22205,500
gemma-4-e4b-it__cpt_ep1,gemma-4-e4b-it,cpt_ep1,test_heldout_docs,500,0.533,0.503,0.563,500,0.268,0.228,0.308,500,0.33473333333333327,0.30726666666666663,0.36500166666666667,500,0.08176666666666668,0.06359583333333332,0.10170249999999997,500,0.3626504110966839,0.3511924709108258,0.37369911324882416,500,0.27807629718261523,0.2667421846450188,0.2893338675326485,500,0.008,0.002,0.016,500,30.968,29.93595,32.0,500
