system,family,variant,metric,exact,paraphrase,gap_exact_minus_paraphrase,lo,hi,p,n
gemma-4-e4b-it__base,gemma-4-e4b-it,base,judge_lenient,0.6863799283154122,0.6684587813620072,0.017921146953405017,-0.021505376344086023,0.05913978494623656,0.3953023488255872,279
gemma-4-e4b-it__base,gemma-4-e4b-it,base,keyfact_recall,0.5452210274790921,0.5299283154121863,0.015292712066905618,-0.019245818399044205,0.050900537634408584,0.38580709645177413,279
gemma-4-e4b-it__base,gemma-4-e4b-it,base,token_f1,0.17466408018221913,0.1505077595173167,0.024156320664902416,0.017888030864862178,0.030802689135995747,0.0004997501249375312,279
gemma-4-e4b-it__base,gemma-4-e4b-it,base,exact_repro,0.0,0.0,0.0,0.0,0.0,1.0,279
gemma-4-e4b-it__ep1,gemma-4-e4b-it,ep1,judge_lenient,0.5412186379928315,0.5949820788530465,-0.053763440860215055,-0.09498207885304659,-0.016129032258064516,0.005997001499250375,279
gemma-4-e4b-it__ep1,gemma-4-e4b-it,ep1,keyfact_recall,0.36224611708482674,0.3590203106332138,0.0032258064516129045,-0.036022998805256876,0.0439695340501792,0.8725637181409296,279
gemma-4-e4b-it__ep1,gemma-4-e4b-it,ep1,token_f1,0.4240398630530245,0.3397370246940735,0.084302838358951,0.07021557183011354,0.09904706285161474,0.0004997501249375312,279
gemma-4-e4b-it__ep1,gemma-4-e4b-it,ep1,exact_repro,0.025089605734767026,0.014336917562724014,0.010752688172043012,-0.010752688172043012,0.03225806451612903,0.4147926036981509,279
gemma-4-e4b-it__ep2,gemma-4-e4b-it,ep2,judge_lenient,0.5860215053763441,0.5985663082437276,-0.012544802867383513,-0.053763440860215055,0.02867383512544803,0.5972013993003499,279
gemma-4-e4b-it__ep2,gemma-4-e4b-it,ep2,keyfact_recall,0.4069295101553166,0.3859020310633214,0.021027479091995222,-0.020073178016726402,0.06367980884109917,0.3263368315842079,279
gemma-4-e4b-it__ep2,gemma-4-e4b-it,ep2,token_f1,0.46723311191698175,0.35864543805890126,0.1085876738580806,0.08881509179437064,0.12783052248726412,0.0004997501249375312,279
gemma-4-e4b-it__ep2,gemma-4-e4b-it,ep2,exact_repro,0.07168458781362007,0.017921146953405017,0.053763440860215055,0.02867383512544803,0.08243727598566308,0.0009995002498750624,279
gemma-4-e4b-it__ep3,gemma-4-e4b-it,ep3,judge_lenient,0.6218637992831542,0.6290322580645161,-0.007168458781362007,-0.04659498207885305,0.03225806451612903,0.7541229385307346,279
gemma-4-e4b-it__ep3,gemma-4-e4b-it,ep3,keyfact_recall,0.4229988052568698,0.4019713261648746,0.021027479091995222,-0.02037186379928315,0.06320489844683391,0.3193403298350825,279
gemma-4-e4b-it__ep3,gemma-4-e4b-it,ep3,token_f1,0.4921554734410391,0.36805579358642915,0.12409967985461,0.10319725727746705,0.145328532253119,0.0004997501249375312,279
gemma-4-e4b-it__ep3,gemma-4-e4b-it,ep3,exact_repro,0.10752688172043011,0.017921146953405017,0.08960573476702509,0.05734767025089606,0.12544802867383512,0.0004997501249375312,279
llama-3.1-8b-instruct__base,llama-3.1-8b-instruct,base,judge_lenient,0.543010752688172,0.521505376344086,0.021505376344086023,-0.016129032258064516,0.05560035842293882,0.28585707146426786,279
llama-3.1-8b-instruct__base,llama-3.1-8b-instruct,base,keyfact_recall,0.5084826762246117,0.49755077658303465,0.010931899641577064,-0.022410394265232975,0.04516875746714452,0.5357321339330335,279
llama-3.1-8b-instruct__base,llama-3.1-8b-instruct,base,token_f1,0.1799417745570346,0.15439320171429533,0.025548572842739252,0.016992842934629566,0.03408555504924889,0.0004997501249375312,279
llama-3.1-8b-instruct__base,llama-3.1-8b-instruct,base,exact_repro,0.0,0.0,0.0,0.0,0.0,1.0,279
llama-3.1-8b-instruct__ep1,llama-3.1-8b-instruct,ep1,judge_lenient,0.5967741935483871,0.6146953405017921,-0.017921146953405017,-0.06272401433691756,0.025089605734767026,0.47226386806596704,279
llama-3.1-8b-instruct__ep1,llama-3.1-8b-instruct,ep1,keyfact_recall,0.4210274790919952,0.3871565113500598,0.03387096774193549,-0.007048984468339301,0.07443249701314217,0.10494752623688156,279
llama-3.1-8b-instruct__ep1,llama-3.1-8b-instruct,ep1,token_f1,0.4796627150737507,0.3633944673000036,0.11626824777374714,0.09492971805172667,0.1386721441878182,0.0004997501249375312,279
llama-3.1-8b-instruct__ep1,llama-3.1-8b-instruct,ep1,exact_repro,0.08602150537634409,0.025089605734767026,0.06093189964157706,0.03225806451612903,0.08960573476702509,0.0004997501249375312,279
llama-3.1-8b-instruct__ep2,llama-3.1-8b-instruct,ep2,judge_lenient,0.8476702508960573,0.6738351254480287,0.17383512544802868,0.13082437275985664,0.2168458781362007,0.0004997501249375312,279
llama-3.1-8b-instruct__ep2,llama-3.1-8b-instruct,ep2,keyfact_recall,0.7285543608124253,0.4870967741935483,0.24145758661887698,0.19067951015531662,0.29260902031063313,0.0004997501249375312,279
llama-3.1-8b-instruct__ep2,llama-3.1-8b-instruct,ep2,token_f1,0.818532314291138,0.4633718353262951,0.3551604789648428,0.3217392955166523,0.39091273797315723,0.0004997501249375312,279
llama-3.1-8b-instruct__ep2,llama-3.1-8b-instruct,ep2,exact_repro,0.6666666666666666,0.12544802867383512,0.5412186379928315,0.48028673835125446,0.5986559139784942,0.0004997501249375312,279
llama-3.1-8b-instruct__ep3,llama-3.1-8b-instruct,ep3,judge_lenient,0.8888888888888888,0.6541218637992832,0.23476702508960573,0.1935483870967742,0.27419354838709675,0.0004997501249375312,279
llama-3.1-8b-instruct__ep3,llama-3.1-8b-instruct,ep3,keyfact_recall,0.7578853046594982,0.48482676224611704,0.2730585424133811,0.22353643966547193,0.32498207885304653,0.0004997501249375312,279
llama-3.1-8b-instruct__ep3,llama-3.1-8b-instruct,ep3,token_f1,0.8559116385262675,0.4730180888822671,0.38289354964400035,0.3476131993375634,0.41781035204031564,0.0004997501249375312,279
llama-3.1-8b-instruct__ep3,llama-3.1-8b-instruct,ep3,exact_repro,0.7455197132616488,0.14336917562724014,0.6021505376344086,0.5412186379928315,0.6630824372759857,0.0004997501249375312,279
qwen3-8b__base,qwen3-8b,base,judge_lenient,0.6469534050179212,0.6487455197132617,-0.0017921146953405018,-0.044802867383512544,0.03763440860215054,0.9650174912543729,279
qwen3-8b__base,qwen3-8b,base,keyfact_recall,0.547431302270012,0.522520908004779,0.02491039426523298,-0.007172939068100356,0.05573626045400239,0.13993003498250875,279
qwen3-8b__base,qwen3-8b,base,token_f1,0.26747768354716683,0.21277830138012138,0.0546993821670454,0.04499710201536284,0.06441956443628509,0.0004997501249375312,279
qwen3-8b__base,qwen3-8b,base,exact_repro,0.0,0.0,0.0,0.0,0.0,1.0,279
qwen3-8b__ep1,qwen3-8b,ep1,judge_lenient,0.5663082437275986,0.5734767025089605,-0.007168458781362007,-0.04484767025089605,0.03225806451612903,0.7581209395302348,279
qwen3-8b__ep1,qwen3-8b,ep1,keyfact_recall,0.3793906810035842,0.3379928315412186,0.04139784946236559,-0.0005988649940262853,0.08125597371565106,0.05147426286856572,279
qwen3-8b__ep1,qwen3-8b,ep1,token_f1,0.44268646810696616,0.3355509118087687,0.1071355562981975,0.09015433475721846,0.1251322271889961,0.0004997501249375312,279
qwen3-8b__ep1,qwen3-8b,ep1,exact_repro,0.05734767025089606,0.010752688172043012,0.04659498207885305,0.021505376344086023,0.07168458781362007,0.0004997501249375312,279
qwen3-8b__ep2,qwen3-8b,ep2,judge_lenient,0.6541218637992832,0.589605734767025,0.06451612903225806,0.021505376344086023,0.1057347670250896,0.0034982508745627187,279
qwen3-8b__ep2,qwen3-8b,ep2,keyfact_recall,0.4922341696535245,0.42598566308243724,0.06624850657108722,0.023950119474313025,0.11135902031063316,0.004997501249375313,279
qwen3-8b__ep2,qwen3-8b,ep2,token_f1,0.5408156063358791,0.36616869588773787,0.17464691044814123,0.1505326346346825,0.19964344776767173,0.0004997501249375312,279
qwen3-8b__ep2,qwen3-8b,ep2,exact_repro,0.1935483870967742,0.025089605734767026,0.16845878136200718,0.12186379928315412,0.21505376344086022,0.0004997501249375312,279
qwen3-8b__ep3,qwen3-8b,ep3,judge_lenient,0.6415770609318996,0.5842293906810035,0.05734767025089606,0.014336917562724014,0.0985663082437276,0.01199400299850075,279
qwen3-8b__ep3,qwen3-8b,ep3,keyfact_recall,0.5157706093189963,0.4068100358422939,0.10896057347670252,0.0634363799283154,0.15549581839904422,0.0004997501249375312,279
qwen3-8b__ep3,qwen3-8b,ep3,token_f1,0.5621375062584076,0.3568639687461087,0.205273537512299,0.17901862315719458,0.2320996193905724,0.0004997501249375312,279
qwen3-8b__ep3,qwen3-8b,ep3,exact_repro,0.21505376344086022,0.025089605734767026,0.18996415770609318,0.14336917562724014,0.24014336917562723,0.0004997501249375312,279
