family,split,variant,label,answer_words,judge_lenient,keyfact_recall,contradiction_rate,token_f1
qwen3-8b,test_trained_exact,base,base,123.924,0.657,0.5585333333333333,0.09266666666666666,0.26580728105493245
qwen3-8b,test_trained_exact,concise40,concise base (≤ 40 words),24.84,0.537,0.3373,0.09583333333333333,0.3204095873636646
qwen3-8b,test_trained_exact,ep3,QA-only ep3,38.006,0.835,0.6962999999999999,0.021366666666666662,0.7665234875931406
qwen3-8b,test_seen_facts,base,base,141.84229390681003,0.6487455197132617,0.522520908004779,0.1078853046594982,0.21277830138012144
qwen3-8b,test_seen_facts,concise40,concise base (≤ 40 words),25.114695340501793,0.5824372759856631,0.315531660692951,0.10495818399044204,0.26255499909393437
qwen3-8b,test_seen_facts,ep3,QA-only ep3,40.412186379928315,0.6187050359712231,0.4024492234169653,0.07670250896057347,0.3735182131471984
qwen3-8b,test_indomain,base,base,124.168,0.669,0.5642666666666667,0.09613333333333332,0.2647623790858444
qwen3-8b,test_indomain,concise40,concise base (≤ 40 words),24.988,0.548,0.36510000000000004,0.0962,0.3054105734513387
qwen3-8b,test_indomain,ep3,QA-only ep3,39.042,0.494,0.36476666666666663,0.09046666666666667,0.3309100722324081
qwen3-8b,test_heldout_docs,base,base,121.7,0.642,0.5178333333333333,0.0883,0.25909727208822353
qwen3-8b,test_heldout_docs,concise40,concise base (≤ 40 words),24.99,0.547,0.34676666666666667,0.09703333333333333,0.29149139018716896
qwen3-8b,test_heldout_docs,ep3,QA-only ep3,38.852,0.431,0.3033666666666667,0.102,0.30577657817418524
gemma-4-e4b-it,test_trained_exact,base,base,227.904,0.702,0.5622333333333334,0.0731,0.1734063617234433
gemma-4-e4b-it,test_trained_exact,concise40,concise base (≤ 40 words),26.426,0.546,0.31626666666666664,0.08170000000000001,0.288949619818909
gemma-4-e4b-it,test_trained_exact,ep3,QA-only ep3,36.886,0.842,0.6876,0.018833333333333337,0.7637856103862914
gemma-4-e4b-it,test_seen_facts,base,base,237.51971326164875,0.6684587813620072,0.5299283154121864,0.06266427718040622,0.1505077595173167
gemma-4-e4b-it,test_seen_facts,concise40,concise base (≤ 40 words),26.63799283154122,0.5949820788530465,0.3027479091995221,0.07670250896057347,0.247907717622638
gemma-4-e4b-it,test_seen_facts,ep3,QA-only ep3,41.21863799283154,0.6129032258064516,0.43482676224611705,0.07180406212664277,0.3930242666778109
gemma-4-e4b-it,test_indomain,base,base,227.888,0.7314629258517034,0.5743333333333334,0.0778,0.17698276248911235
gemma-4-e4b-it,test_indomain,concise40,concise base (≤ 40 words),26.568,0.595,0.3673,0.0673,0.28678973617933
gemma-4-e4b-it,test_indomain,ep3,QA-only ep3,38.538,0.496,0.35479999999999995,0.07840000000000001,0.32408553773167037
gemma-4-e4b-it,test_heldout_docs,base,base,222.444,0.679,0.5407333333333334,0.06536666666666666,0.17743980645429921
gemma-4-e4b-it,test_heldout_docs,concise40,concise base (≤ 40 words),27.0,0.564,0.3428333333333334,0.06783333333333333,0.27563417062451095
gemma-4-e4b-it,test_heldout_docs,ep3,QA-only ep3,38.078,0.449,0.28463333333333335,0.09879999999999999,0.3007961867924415
llama-3.1-8b-instruct,test_trained_exact,base,base,222.082,0.552,0.517,0.0996,0.1790640653364526
llama-3.1-8b-instruct,test_trained_exact,concise40,concise base (≤ 40 words),35.048,0.478,0.36923333333333336,0.11683333333333333,0.3235592574583774
llama-3.1-8b-instruct,test_trained_exact,ep2,QA-only ep2,38.306,0.963,0.8230666666666666,0.008366666666666666,0.9430808403546428
llama-3.1-8b-instruct,test_seen_facts,base,base,227.8530465949821,0.521505376344086,0.49755077658303465,0.08309438470728793,0.15439320171429535
llama-3.1-8b-instruct,test_seen_facts,concise40,concise base (≤ 40 words),37.47670250896057,0.5304659498207885,0.3561529271206691,0.11529271206690563,0.2651539280252811
llama-3.1-8b-instruct,test_seen_facts,ep2,QA-only ep2,42.5663082437276,0.7186379928315412,0.5442652329749104,0.0462962962962963,0.5441991077746196
llama-3.1-8b-instruct,test_indomain,base,base,219.658,0.5751503006012024,0.5554666666666667,0.0907,0.18233899972579787
llama-3.1-8b-instruct,test_indomain,concise40,concise base (≤ 40 words),37.004,0.51,0.41806666666666664,0.10196666666666666,0.3220973581685248
llama-3.1-8b-instruct,test_indomain,ep2,QA-only ep2,39.946,0.501,0.35020000000000007,0.0846,0.3298003541804176
llama-3.1-8b-instruct,test_heldout_docs,base,base,212.764,0.53420523138833,0.4932,0.0999,0.179261761277401
llama-3.1-8b-instruct,test_heldout_docs,concise40,concise base (≤ 40 words),35.842,0.506,0.3747,0.10216666666666666,0.3109399205098321
llama-3.1-8b-instruct,test_heldout_docs,ep2,QA-only ep2,41.284,0.452,0.2995333333333333,0.09036666666666666,0.3120669775427959
