system,family,variant,serving,split,n,judge_lenient,judge_lenient_lo,judge_lenient_hi,judge_lenient_n,judge_strict,judge_strict_lo,judge_strict_hi,judge_strict_n,hallucination,hallucination_lo,hallucination_hi,hallucination_n,keyfact_recall,keyfact_recall_lo,keyfact_recall_hi,keyfact_recall_n,keyfact_recall_flan,keyfact_recall_flan_lo,keyfact_recall_flan_hi,keyfact_recall_flan_n,contradiction_rate,contradiction_rate_lo,contradiction_rate_hi,contradiction_rate_n,token_f1,token_f1_lo,token_f1_hi,token_f1_n,rouge_l,rouge_l_lo,rouge_l_hi,rouge_l_n,exact_repro,exact_repro_lo,exact_repro_hi,exact_repro_n,answer_words,answer_words_lo,answer_words_hi,answer_words_n
qwen3-8b__base,qwen3-8b,base,match,test_trained_exact,500,0.657,0.623,0.688,500,0.474,0.43,0.518,500,0.378,0.336,0.422,500,0.5585333333333333,0.5276316666666666,0.5909350000000001,500,,,,0,0.09266666666666666,0.07326583333333332,0.11380166666666666,500,0.26580728105493245,0.25713541935165707,0.2754477165068611,500,0.18566860607851918,0.1773432581756398,0.19477838579183288,500,0.0,0.0,0.0,500,123.924,118.52539999999999,129.484,500
qwen3-8b__base,qwen3-8b,base,match,test_seen_facts,279,0.6487455197132617,0.6039426523297491,0.6917562724014337,279,0.46236559139784944,0.4014336917562724,0.5197132616487455,279,0.2974910394265233,0.24731182795698925,0.35125448028673834,279,0.522520908004779,0.47878584229390686,0.5648252688172043,279,0.522341696535245,0.47908900836320195,0.5640397252090801,279,0.1078853046594982,0.08034348864994025,0.1358452807646356,279,0.21277830138012144,0.2027787361495725,0.22225919802980046,279,0.14090451290694384,0.133700938546923,0.14885222918447463,279,0.0,0.0,0.0,279,141.84229390681003,134.07249103942652,149.5089605734767,279
qwen3-8b__base,qwen3-8b,base,match,test_indomain,500,0.669,0.636,0.7,500,0.488,0.44595,0.532,500,0.36,0.32,0.404,500,0.5642666666666667,0.5334891666666667,0.5925008333333334,500,0.5602333333333334,0.5276658333333334,0.5892016666666667,500,0.09613333333333332,0.07660000000000002,0.11760333333333332,500,0.2647623790858444,0.25613311259668586,0.2733951603839058,500,0.1810033833450862,0.17445818069237984,0.18773858876358643,500,0.0,0.0,0.0,500,124.168,118.56195,129.72719999999998,500
qwen3-8b__base,qwen3-8b,base,match,test_heldout_docs,500,0.642,0.6089749999999999,0.677,500,0.47,0.426,0.514,500,0.366,0.322,0.4080499999999997,500,0.5178333333333333,0.4852241666666666,0.5488375000000001,500,0.4915333333333333,0.46046000000000004,0.5222375,500,0.0883,0.06973333333333333,0.10843499999999999,500,0.25909727208822353,0.2510542323026071,0.26687180835232693,500,0.17512571714351183,0.16845044596454503,0.18188870235898832,500,0.0,0.0,0.0,500,121.7,116.58165,127.10215000000001,500
qwen3-8b__concise40,qwen3-8b,concise40,match,test_trained_exact,500,0.537,0.508975,0.5640249999999998,500,0.25,0.214,0.29,500,0.4,0.358,0.444,500,0.3373,0.30779833333333334,0.3689024999999999,500,0.3532666666666667,0.32359916666666666,0.38339999999999996,500,0.09583333333333333,0.07592833333333333,0.11713499999999999,500,0.3204095873636646,0.3088098796989786,0.33161039522368546,500,0.24659393149122838,0.2357185258599431,0.25697286024613536,500,0.004,0.0,0.01,500,24.84,24.36395,25.318,500
qwen3-8b__concise40,qwen3-8b,concise40,match,test_seen_facts,279,0.5824372759856631,0.543010752688172,0.6218637992831542,279,0.3154121863799283,0.25806451612903225,0.36917562724014336,279,0.2939068100358423,0.24014336917562723,0.35125448028673834,279,0.315531660692951,0.2766412783751494,0.35139784946236546,279,0.3339904420549582,0.29646953405017923,0.3739605734767025,279,0.10495818399044204,0.07711768219832735,0.13489247311827954,279,0.26255499909393437,0.25107958349089254,0.273455427952936,279,0.19098961715814997,0.18134011840684117,0.2010681261102251,279,0.0,0.0,0.0,279,25.114695340501793,24.523207885304657,25.724014336917563,279
qwen3-8b__concise40,qwen3-8b,concise40,match,test_indomain,500,0.548,0.521,0.577,500,0.268,0.228,0.306,500,0.368,0.328,0.41,500,0.36510000000000004,0.3344666666666667,0.39530666666666664,500,0.3803333333333333,0.35016166666666665,0.41033416666666667,500,0.0962,0.07589916666666667,0.11583416666666667,500,0.3054105734513387,0.2947980861142782,0.3154867050960692,500,0.23056405320001505,0.2210748775162494,0.23978001005455918,500,0.0,0.0,0.0,500,24.988,24.548,25.438,500
qwen3-8b__concise40,qwen3-8b,concise40,match,test_heldout_docs,500,0.547,0.517,0.579,500,0.294,0.252,0.336,500,0.376,0.332,0.42,500,0.34676666666666667,0.3180299999999999,0.3792675,500,0.35063333333333335,0.3217916666666667,0.38106999999999996,500,0.09703333333333333,0.07669749999999999,0.11776916666666666,500,0.29149139018716896,0.2812812210411243,0.3019953074290506,500,0.2189388435981566,0.20929292735559135,0.22897155849520928,500,0.004,0.0,0.01,500,24.99,24.565949999999997,25.396,500
qwen3-8b__ep1__bf16serve,qwen3-8b,ep1,bf16serve,test_trained_exact,500,0.593,0.562975,0.6220249999999998,500,0.34,0.298,0.382,500,0.308,0.27,0.348,500,0.3990333333333333,0.3689658333333334,0.43210333333333334,500,,,,0,0.06939999999999999,0.05319583333333333,0.08614916666666657,500,0.4452241141306557,0.4294700281351138,0.46119569627192863,500,0.3682198956378654,0.3510221000264782,0.3854967372287795,500,0.054,0.036,0.074,500,32.536,31.4239,33.644099999999995,500
qwen3-8b__ep1__bf16serve,qwen3-8b,ep1,bf16serve,test_seen_facts,279,0.5734767025089605,0.5340501792114696,0.6129032258064516,279,0.3046594982078853,0.25089605734767023,0.35842293906810035,279,0.2867383512544803,0.23297491039426524,0.34050179211469533,279,0.3379928315412187,0.2979659498207885,0.3761678614097969,279,0.36774193548387096,0.32496714456391873,0.40812425328554364,279,0.08572281959378733,0.05973566308243727,0.11421893667861407,279,0.33555091180876867,0.3214799133699794,0.35139241454360526,279,0.25466798925505824,0.24045235917033414,0.27074969774510377,279,0.010752688172043012,0.0,0.025089605734767026,279,34.630824372759854,33.15385304659498,36.14695340501792,279
qwen3-8b__ep1__bf16serve,qwen3-8b,ep1,bf16serve,test_indomain,500,0.535,0.507,0.5620249999999999,500,0.258,0.22,0.296,500,0.32,0.278,0.3600499999999997,500,0.36010000000000003,0.3297991666666667,0.38836833333333337,500,0.38003333333333333,0.34909833333333334,0.4097708333333333,500,0.07013333333333333,0.05359916666666666,0.08833500000000001,500,0.36289235671650205,0.3526698970098491,0.37308298554277386,500,0.2753312935795861,0.2650760079750748,0.2856898262383789,500,0.002,0.0,0.006,500,32.942,31.91395,33.95805,500
qwen3-8b__ep1__bf16serve,qwen3-8b,ep1,bf16serve,test_heldout_docs,500,0.506,0.476,0.536,500,0.236,0.198,0.274,500,0.356,0.314,0.396,500,0.3454666666666667,0.3156975,0.3740083333333333,500,0.3387,0.30933333333333335,0.36646750000000006,500,0.10133333333333334,0.08046583333333333,0.123735,500,0.3400697601555261,0.3296731011109659,0.35059066565021835,500,0.25585832438999884,0.24546689267013483,0.26618614805762625,500,0.004,0.0,0.01,500,33.166,32.14595,34.26,500
qwen3-8b__ep2__bf16serve,qwen3-8b,ep2,bf16serve,test_trained_exact,500,0.667,0.638,0.696,500,0.454,0.412,0.498,500,0.292,0.252,0.332,500,0.5114000000000001,0.4781633333333333,0.5444733333333333,500,,,,0,0.04769999999999999,0.0349325,0.06173499999999999,500,0.536642778993718,0.5159864453157693,0.5581794477336878,500,0.4742222053002408,0.4509363973353665,0.4985408582663593,500,0.184,0.15,0.218,500,38.748,37.45195,40.13805,500
qwen3-8b__ep2__bf16serve,qwen3-8b,ep2,bf16serve,test_seen_facts,279,0.589605734767025,0.553763440860215,0.6254928315412184,279,0.3010752688172043,0.25089605734767023,0.35842293906810035,279,0.3225806451612903,0.26523297491039427,0.3763440860215054,279,0.4259856630824373,0.3850657108721625,0.46595579450418156,279,0.4305854241338112,0.3892353643966547,0.4718652927120669,279,0.08261648745519712,0.05866039426523297,0.10760155316606922,279,0.3661686958877378,0.3481660040549186,0.38519586076446644,279,0.2827219901757133,0.2639320140578027,0.30327500865272994,279,0.025089605734767026,0.007168458781362007,0.04659498207885305,279,42.34767025089606,40.68817204301075,44.08620071684588,279
qwen3-8b__ep2__bf16serve,qwen3-8b,ep2,bf16serve,test_indomain,500,0.508,0.479,0.535,500,0.22,0.184,0.258,500,0.408,0.36595,0.45004999999999973,500,0.3807,0.35013,0.41123666666666664,500,0.4034,0.3734666666666667,0.43366999999999994,500,0.08536666666666667,0.06633166666666668,0.10430083333333333,500,0.3426084604684557,0.3333175115719885,0.35215202479581165,500,0.25360308373011536,0.24444936484381138,0.26275464495766965,500,0.0,0.0,0.0,500,39.732,38.446,41.06405,500
qwen3-8b__ep2__bf16serve,qwen3-8b,ep2,bf16serve,test_heldout_docs,500,0.477,0.446,0.507,500,0.214,0.178,0.25,500,0.4,0.356,0.4420499999999997,500,0.3233666666666667,0.29299916666666664,0.35197083333333334,500,0.3173,0.2891625,0.3464783333333333,500,0.08489999999999999,0.06623083333333334,0.10460333333333331,500,0.3188225658859912,0.30901906683518426,0.32898465272030725,500,0.23261476248619542,0.22357159586650965,0.2416394424842978,500,0.002,0.0,0.006,500,40.716,39.37395,42.07025,500
qwen3-8b__ep3__bf16serve,qwen3-8b,ep3,bf16serve,test_trained_exact,500,0.67,0.642,0.699,500,0.46,0.42,0.504,500,0.312,0.272,0.354,500,0.529,0.49535500000000005,0.5624375,500,,,,0,0.055266666666666665,0.04089916666666666,0.07143416666666666,500,0.5613953496640807,0.5392821985608476,0.5835534299398734,500,0.5022996913744902,0.47715617756777234,0.5281397414049435,500,0.214,0.178,0.248,500,38.116,36.8679,39.3682,500
qwen3-8b__ep3__bf16serve,qwen3-8b,ep3,bf16serve,test_seen_facts,279,0.5842293906810035,0.5448028673835126,0.6218637992831542,279,0.30824372759856633,0.25806451612903225,0.36200716845878134,279,0.34050179211469533,0.2867383512544803,0.3978494623655914,279,0.4068100358422939,0.3665442054958184,0.44856630824372756,279,0.41463560334528077,0.37270011947431303,0.4558019713261649,279,0.07783751493428913,0.05262395459976105,0.10424283154121863,279,0.35686396874610865,0.3385521261786991,0.37616623310497516,279,0.27881507394402466,0.25950760161588754,0.2991003039775385,279,0.025089605734767026,0.007168458781362007,0.043010752688172046,279,42.96415770609319,41.19336917562724,44.79937275985663,279
qwen3-8b__ep3__bf16serve,qwen3-8b,ep3,bf16serve,test_indomain,500,0.5360721442885772,0.5080160320641283,0.564128256513026,499,0.24448897795591182,0.20841683366733466,0.2826152304609216,499,0.3687374749498998,0.32665330661322645,0.41082164328657317,499,0.38476666666666665,0.35426583333333334,0.41637166666666664,500,0.4095666666666667,0.38043166666666667,0.43944,500,0.07919999999999999,0.061565,0.098,500,0.3426534536818729,0.3334543601114745,0.35237172223905483,500,0.25253584568784015,0.24371878429068128,0.26164826410900655,500,0.0,0.0,0.0,500,40.054,38.702,41.384,500
qwen3-8b__ep3__bf16serve,qwen3-8b,ep3,bf16serve,test_heldout_docs,500,0.4759519038076152,0.44488977955911824,0.5070390781563124,499,0.21042084168336672,0.1743486973947896,0.24649298597194388,499,0.4168336673346693,0.374749498997996,0.46092184368737477,499,0.33693333333333336,0.3065275,0.3655733333333333,500,0.33613333333333334,0.30753,0.36470249999999993,500,0.0909,0.07245916666666666,0.11023416666666666,500,0.3146413794775236,0.30473905286819936,0.324503149742227,500,0.2272459000668366,0.2177707510978086,0.23669216983359503,500,0.002,0.0,0.006,500,39.91,38.65595,41.1882,500
qwen3-8b__cpt_ep1__bf16serve,qwen3-8b,cpt_ep1,bf16serve,test_trained_exact,500,0.5691382765531062,0.5390781563126252,0.5981963927855711,499,0.2865731462925852,0.24649298597194388,0.32665330661322645,499,0.3246492985971944,0.2845691382765531,0.3687374749498998,499,0.3629666666666667,0.3336958333333333,0.3922441666666666,500,0.38126666666666664,0.3508625,0.41180749999999994,500,0.07146666666666666,0.05256583333333333,0.08970166666666667,500,0.40761119481863284,0.3946882822089316,0.4207349757537828,500,0.32400536728099255,0.30921313395611694,0.33850662384617947,500,0.022,0.01,0.036,500,32.394,31.38775,33.444050000000004,500
qwen3-8b__cpt_ep1__bf16serve,qwen3-8b,cpt_ep1,bf16serve,test_seen_facts,279,0.5752688172043011,0.5340501792114696,0.6182795698924731,279,0.33691756272401435,0.27956989247311825,0.3942652329749104,279,0.26523297491039427,0.2114695340501792,0.31899641577060933,279,0.3333333333333333,0.29086021505376347,0.3741353046594982,279,0.3522700119474313,0.31438321385902035,0.39056302270011944,279,0.08213859020310632,0.05787933094384707,0.10902329749103941,279,0.31101489513645,0.297284955225522,0.32485589731975817,279,0.2305460431869229,0.21813074038161795,0.24377604059020233,279,0.0035842293906810036,0.0,0.010752688172043012,279,34.53405017921147,33.16487455197132,35.93216845878136,279
qwen3-8b__cpt_ep1__bf16serve,qwen3-8b,cpt_ep1,bf16serve,test_indomain,500,0.557,0.527,0.586,500,0.284,0.246,0.324,500,0.302,0.264,0.342,500,0.37239999999999995,0.34239749999999997,0.40157,500,0.37683333333333335,0.34670000000000006,0.40544749999999985,500,0.07483333333333334,0.0567625,0.09336749999999998,500,0.37752359835609706,0.3668391553847707,0.3880251537979081,500,0.2883884030143713,0.2776759551583326,0.2983386425626588,500,0.004,0.0,0.01,500,32.524,31.533749999999998,33.608,500
qwen3-8b__cpt_ep1__bf16serve,qwen3-8b,cpt_ep1,bf16serve,test_heldout_docs,500,0.499,0.468,0.529,500,0.23,0.192,0.268,500,0.328,0.286,0.372,500,0.3225666666666666,0.2951083333333333,0.35346750000000005,500,0.3270333333333333,0.2996308333333333,0.3571683333333333,500,0.08733333333333335,0.06829583333333335,0.10780249999999998,500,0.35457408650823574,0.3439008640470039,0.36560353278832836,500,0.27423498626076276,0.2635253304239786,0.28538279179895776,500,0.004,0.0,0.01,500,32.836,31.8099,33.8622,500
qwen3-8b__ft1run__bf16serve,qwen3-8b,ft1run,bf16serve,test_trained_exact,500,0.546,0.516,0.575,500,0.28,0.238,0.3180499999999997,500,0.324,0.284,0.366,500,0.3613333333333334,0.332265,0.3929391666666666,500,,,,0,0.08506666666666667,0.06646583333333334,0.10466833333333334,500,0.4086069794829919,0.3954301737258443,0.42178675692098366,500,0.3246887797280482,0.3108217850595215,0.3391812794559009,500,0.016,0.006,0.028,500,33.638,32.501850000000005,34.936,500
qwen3-8b__ft1run__bf16serve,qwen3-8b,ft1run,bf16serve,test_seen_facts,279,0.5609318996415771,0.5197132616487455,0.600358422939068,279,0.30824372759856633,0.25448028673835127,0.36200716845878134,279,0.2616487455197133,0.2078853046594982,0.3118279569892473,279,0.3524492234169654,0.3112261051373955,0.39181600955794504,279,0.3747311827956989,0.33457885304659496,0.4132616487455197,279,0.09205495818399043,0.06565113500597372,0.12144563918757467,279,0.32568051883209737,0.31139393917318936,0.34079025118337286,279,0.24037458368473869,0.22701378299157754,0.2547365240016353,279,0.010752688172043012,0.0,0.025089605734767026,279,37.15412186379928,35.465591397849465,38.81012544802867,279
qwen3-8b__ft1run__bf16serve,qwen3-8b,ft1run,bf16serve,test_indomain,500,0.534,0.503,0.562,500,0.258,0.22,0.296,500,0.336,0.296,0.376,500,0.38680000000000003,0.3567266666666667,0.41619999999999996,500,0.39293333333333336,0.36293083333333326,0.4219758333333333,500,0.07316666666666666,0.0567,0.09169999999999999,500,0.37574412632861626,0.3657461090432134,0.38591354475676926,500,0.28256472524241305,0.27254469013151794,0.2923876185273433,500,0.0,0.0,0.0,500,34.53,33.3319,35.658,500
qwen3-8b__ft1run__bf16serve,qwen3-8b,ft1run,bf16serve,test_heldout_docs,500,0.4849699398797595,0.45390781563126253,0.5160320641282565,499,0.22645290581162325,0.1903807615230461,0.26452905811623245,499,0.36472945891783565,0.3246492985971944,0.40681362725450904,499,0.34063333333333334,0.3104325,0.3705383333333333,500,0.3409666666666667,0.3120325,0.37106666666666666,500,0.10563333333333333,0.08382666666666667,0.12823666666666667,500,0.3545394875183466,0.3437014531322822,0.3654037720065653,500,0.2674629463883509,0.2570326538512588,0.2780285952628352,500,0.008,0.002,0.016,500,34.884,33.742,36.0724,500
qwen3-8b__seed43_ep1__bf16serve,qwen3-8b,seed43_ep1,bf16serve,test_seen_facts,279,0.6039426523297491,0.5645161290322581,0.6451612903225806,279,0.34050179211469533,0.2831541218637993,0.3978494623655914,279,0.2222222222222222,0.17204301075268819,0.27598566308243727,279,0.3397252090800478,0.3014321983273596,0.377479091995221,279,0.36792114695340505,0.328673835125448,0.4065128434886499,279,0.08506571087216247,0.058530465949820795,0.11290621266427717,279,0.3355856707393332,0.32077277923959635,0.35032423794065004,279,0.2541209670499651,0.2397268077044672,0.26944536095745664,279,0.007168458781362007,0.0,0.017921146953405017,279,35.225806451612904,33.72374551971326,36.79229390681004,279
qwen3-8b__seed43_ep1__bf16serve,qwen3-8b,seed43_ep1,bf16serve,test_indomain,500,0.553,0.523,0.583,500,0.276,0.238,0.316,500,0.3,0.26195,0.34,500,0.3811666666666667,0.35039,0.41073916666666666,500,0.37279999999999996,0.3440283333333334,0.403005,500,0.07973333333333332,0.062266666666666665,0.09776833333333333,500,0.36645666473053223,0.355435285795044,0.37788431277634016,500,0.27429122710054243,0.26390904366219325,0.2855875468680264,500,0.002,0.0,0.008,500,34.166,33.008,35.302699999999994,500
qwen3-8b__seed43_ep1__bf16serve,qwen3-8b,seed43_ep1,bf16serve,test_heldout_docs,500,0.471,0.443,0.501,500,0.188,0.15395,0.224,500,0.364,0.322,0.406,500,0.32039999999999996,0.2934291666666667,0.3496675,500,0.3276666666666666,0.30089666666666665,0.35694,500,0.10286666666666668,0.08256416666666666,0.1238675,500,0.345348943162962,0.3352882509153256,0.3557273979816352,500,0.26056100116597003,0.2501895395053393,0.2708856412956027,500,0.002,0.0,0.006,500,34.112,32.942,35.21605,500
gemma-4-e4b-it__base,gemma-4-e4b-it,base,match,test_trained_exact,500,0.702,0.667,0.734,500,0.57,0.526,0.614,500,0.2,0.16595000000000001,0.236,500,0.5622333333333334,0.5299641666666667,0.5942708333333333,500,,,,0,0.0731,0.05679666666666666,0.090935,500,0.1734063617234433,0.16637876300804538,0.18011073350962026,500,0.11787079193686008,0.11252967010454354,0.12323315454279955,500,0.0,0.0,0.0,500,227.904,219.1779,236.39114999999998,500
gemma-4-e4b-it__base,gemma-4-e4b-it,base,match,test_seen_facts,279,0.6684587813620072,0.6236559139784946,0.7114695340501792,279,0.5161290322580645,0.45878136200716846,0.5734767025089605,279,0.16845878136200718,0.12544802867383512,0.21505376344086022,279,0.5299283154121864,0.4846415770609319,0.5734767025089605,279,0.5391875746714456,0.4949118876941458,0.5804659498207885,279,0.06266427718040622,0.04378733572281959,0.08530465949820787,279,0.1505077595173167,0.14228223069753332,0.1584462843508276,279,0.10093235291878287,0.09491650037647777,0.10721891784480106,279,0.0,0.0,0.0,279,237.51971326164875,225.556541218638,249.58781362007167,279
gemma-4-e4b-it__base,gemma-4-e4b-it,base,match,test_indomain,500,0.7314629258517034,0.69937374749499,0.7605210420841684,499,0.593186372745491,0.5511022044088176,0.6352705410821643,499,0.17635270541082165,0.14428857715430862,0.20841683366733466,499,0.5743333333333334,0.5432658333333333,0.6035333333333333,500,0.5654,0.5338291666666667,0.5952675,500,0.0778,0.061565833333333334,0.09523416666666666,500,0.17698276248911235,0.17044879053287712,0.1840616476379214,500,0.11959537991233446,0.11450255616990922,0.12500792855950485,500,0.0,0.0,0.0,500,227.888,219.52085,235.7243,500
gemma-4-e4b-it__base,gemma-4-e4b-it,base,match,test_heldout_docs,500,0.679,0.646,0.712,500,0.532,0.49,0.576,500,0.218,0.182,0.256,500,0.5407333333333334,0.5089666666666667,0.5711666666666667,500,0.5357999999999999,0.5039324999999999,0.5665749999999998,500,0.06536666666666666,0.04949916666666667,0.08190333333333331,500,0.17743980645429921,0.1708554511141802,0.18435822260773316,500,0.11822725993592204,0.11299644322494999,0.12396050885231932,500,0.0,0.0,0.0,500,222.444,214.4838,230.28439999999998,500
gemma-4-e4b-it__concise40,gemma-4-e4b-it,concise40,match,test_trained_exact,500,0.546,0.517,0.5740249999999998,500,0.268,0.22995000000000002,0.308,500,0.344,0.302,0.388,500,0.31626666666666664,0.2869275,0.3478008333333333,500,0.3610333333333333,0.33086000000000004,0.3913008333333334,500,0.08170000000000001,0.06362916666666665,0.10023333333333331,500,0.288949619818909,0.2793471926360957,0.29850165340536955,500,0.2140489442470863,0.20520294901502972,0.2228085547546387,500,0.002,0.0,0.006,500,26.426,26.141949999999998,26.69605,500
gemma-4-e4b-it__concise40,gemma-4-e4b-it,concise40,match,test_seen_facts,279,0.5949820788530465,0.553763440860215,0.6344086021505376,279,0.3333333333333333,0.27948028673835124,0.3870967741935484,279,0.18996415770609318,0.14695340501792115,0.23655913978494625,279,0.3027479091995221,0.2637933094384707,0.3392562724014337,279,0.3260454002389486,0.284647550776583,0.36589157706093184,279,0.07670250896057347,0.05465949820788531,0.09928763440860214,279,0.247907717622638,0.23666405814087016,0.25910318140949556,279,0.17930034869388614,0.17015577219398167,0.1888738058063883,279,0.0,0.0,0.0,279,26.63799283154122,26.28306451612903,27.018010752688173,279
gemma-4-e4b-it__concise40,gemma-4-e4b-it,concise40,match,test_indomain,500,0.595,0.5659749999999999,0.623,500,0.324,0.282,0.366,500,0.288,0.25,0.332,500,0.3673,0.3362658333333333,0.3961358333333333,500,0.40153333333333335,0.3709983333333333,0.4315366666666667,500,0.0673,0.052864999999999995,0.08313499999999999,500,0.28678973617933,0.27720916002421736,0.29614619632062583,500,0.21084727005640794,0.2020625040122312,0.21899300622497606,500,0.0,0.0,0.0,500,26.568,26.289949999999997,26.85205,500
gemma-4-e4b-it__concise40,gemma-4-e4b-it,concise40,match,test_heldout_docs,500,0.564,0.534975,0.5930249999999998,500,0.312,0.272,0.352,500,0.298,0.258,0.338,500,0.3428333333333334,0.3131308333333333,0.3749350000000001,500,0.36593333333333333,0.33596583333333335,0.3972358333333333,500,0.06783333333333333,0.0517625,0.08440249999999999,500,0.27563417062451095,0.2667616548997193,0.2850039558550334,500,0.20366374583969196,0.19524901858094834,0.21181679384572227,500,0.0,0.0,0.0,500,27.0,26.712,27.28,500
gemma-4-e4b-it__ep1__bf16serve,gemma-4-e4b-it,ep1,bf16serve,test_trained_exact,500,0.563,0.531,0.593,500,0.304,0.262,0.346,500,0.324,0.282,0.366,500,0.3646333333333333,0.33339583333333334,0.3975408333333333,500,,,,0,0.07326666666666666,0.055898333333333335,0.09200083333333332,500,0.4218464175448546,0.40776334312961376,0.4363921179167223,500,0.34072814787282957,0.32464664483029554,0.35696238383310247,500,0.026,0.014,0.04,500,30.788,29.73395,31.944049999999997,500
gemma-4-e4b-it__ep1__bf16serve,gemma-4-e4b-it,ep1,bf16serve,test_seen_facts,279,0.5949820788530465,0.5537186379928315,0.6326164874551972,279,0.34408602150537637,0.2903225806451613,0.3979390681003579,279,0.2616487455197133,0.2114695340501792,0.3118279569892473,279,0.3590203106332139,0.3164232377538829,0.4002986857825568,279,0.3821385902031063,0.3411499402628435,0.42312275985663084,279,0.08464755077658302,0.05776135005973716,0.11225358422939063,279,0.3397370246940735,0.32551198011331584,0.35569429907373096,279,0.25581775711042126,0.24134085923447937,0.27168775817718616,279,0.014336917562724014,0.0035842293906810036,0.02867383512544803,279,34.31541218637993,32.788440860215054,35.85663082437276,279
gemma-4-e4b-it__ep1__bf16serve,gemma-4-e4b-it,ep1,bf16serve,test_indomain,500,0.553,0.525,0.581,500,0.27,0.232,0.31,500,0.276,0.238,0.314,500,0.37106666666666666,0.3409491666666667,0.4010025,500,0.3765333333333334,0.34609500000000004,0.40653333333333336,500,0.0688,0.0528325,0.08653333333333334,500,0.36941581577600424,0.35811445056586044,0.380700120333501,500,0.2802396284008535,0.26949639800350794,0.291491099351344,500,0.006,0.0,0.014,500,31.208,30.05595,32.290299999999995,500
gemma-4-e4b-it__ep1__bf16serve,gemma-4-e4b-it,ep1,bf16serve,test_heldout_docs,500,0.5,0.47,0.529,500,0.23,0.194,0.268,500,0.354,0.312,0.396,500,0.322,0.2931975,0.3502708333333333,500,0.32503333333333334,0.2949633333333333,0.3544683333333334,500,0.0962,0.07616583333333332,0.1160025,500,0.3474465043819705,0.3373145068045573,0.35821589151300043,500,0.26704154448014894,0.2572073290729097,0.27743877322869265,500,0.002,0.0,0.0060499999999997275,500,31.6,30.591949999999997,32.64005,500
gemma-4-e4b-it__ep2__bf16serve,gemma-4-e4b-it,ep2,bf16serve,test_trained_exact,500,0.614,0.583,0.644,500,0.374,0.33,0.418,500,0.31,0.27,0.3520499999999997,500,0.422,0.3905,0.45483333333333337,500,,,,0,0.06776666666666667,0.05169916666666667,0.08480166666666666,500,0.46671418593480357,0.45018497135265684,0.4835340912778049,500,0.3938389830616162,0.3757726502407428,0.41291927520693783,500,0.066,0.044,0.088,500,33.574,32.4379,34.73005,500
gemma-4-e4b-it__ep2__bf16serve,gemma-4-e4b-it,ep2,bf16serve,test_seen_facts,279,0.5985663082437276,0.5555555555555556,0.6397849462365591,279,0.35125448028673834,0.2939068100358423,0.40860215053763443,279,0.24731182795698925,0.1971326164874552,0.2939068100358423,279,0.3859020310633214,0.34479838709677424,0.4253897849462365,279,0.3936081242532855,0.35303763440860214,0.430779569892473,279,0.0897252090800478,0.06320191158900836,0.11732974910394262,279,0.35864543805890126,0.3416880074356319,0.3761981364358044,279,0.27160574422807415,0.2547345714248679,0.28970668404492933,279,0.017921146953405017,0.0035842293906810036,0.035842293906810034,279,36.645161290322584,34.924731182795696,38.38001792114695,279
gemma-4-e4b-it__ep2__bf16serve,gemma-4-e4b-it,ep2,bf16serve,test_indomain,500,0.53,0.501,0.558,500,0.254,0.218,0.292,500,0.308,0.268,0.348,500,0.3640666666666667,0.3334,0.3938016666666667,500,0.3859333333333334,0.3553975,0.41560416666666666,500,0.0695,0.05289833333333333,0.08756833333333333,500,0.3510956818095291,0.3412603336495459,0.3617497672169582,500,0.2634665072005406,0.25401132461901604,0.27405618498651924,500,0.0,0.0,0.0,500,34.876,33.68195,36.044,500
gemma-4-e4b-it__ep2__bf16serve,gemma-4-e4b-it,ep2,bf16serve,test_heldout_docs,500,0.498,0.467,0.528,500,0.24,0.204,0.278,500,0.358,0.316,0.4,500,0.32730000000000004,0.29974999999999996,0.354535,500,0.33706666666666674,0.30903083333333337,0.36606999999999995,500,0.09340000000000001,0.07386500000000001,0.11377083333333331,500,0.33205719365771413,0.32245687182453847,0.3420413186127675,500,0.24573144026727783,0.23634467099181258,0.25558216619706814,500,0.002,0.0,0.0060499999999997275,500,34.95,33.815850000000005,36.10209999999999,500
gemma-4-e4b-it__ep3__bf16serve,gemma-4-e4b-it,ep3,bf16serve,test_trained_exact,500,0.638,0.608,0.668,500,0.392,0.34795,0.436,500,0.314,0.274,0.356,500,0.432,0.39823166666666665,0.4656375,500,,,,0,0.060700000000000004,0.04543333333333334,0.07610166666666666,500,0.48570534789198416,0.4692815611080081,0.503209272810584,500,0.4133349329021746,0.394952252530664,0.43362450700375277,500,0.09,0.066,0.116,500,34.026,32.87995,35.17805,500
gemma-4-e4b-it__ep3__bf16serve,gemma-4-e4b-it,ep3,bf16serve,test_seen_facts,279,0.6290322580645161,0.589605734767025,0.6684587813620072,279,0.3763440860215054,0.31899641577060933,0.4336917562724014,279,0.26881720430107525,0.2185483870967742,0.3225806451612903,279,0.4019713261648746,0.36110812425328553,0.44129330943847067,279,0.41463560334528077,0.37317801672640377,0.4535872162485066,279,0.08554360812425328,0.058599163679808844,0.11248655913978493,279,0.36805579358642915,0.3514635570868177,0.3846902432001091,279,0.27944590800350977,0.2621365913784432,0.2979860875048997,279,0.017921146953405017,0.0035842293906810036,0.035842293906810034,279,37.58064516129032,36.035663082437274,39.08978494623656,279
gemma-4-e4b-it__ep3__bf16serve,gemma-4-e4b-it,ep3,bf16serve,test_indomain,500,0.532,0.504,0.5600249999999999,500,0.254,0.216,0.292,500,0.346,0.304,0.386,500,0.3686333333333333,0.3376658333333333,0.39890083333333337,500,0.3938666666666667,0.36263249999999997,0.42490083333333334,500,0.07646666666666667,0.05956583333333333,0.09474166666666663,500,0.3397556073706327,0.32985107297172334,0.3499830044289532,500,0.2522903846360791,0.24296185325349368,0.2618835520206041,500,0.0,0.0,0.0,500,35.002,33.917899999999996,36.0824,500
gemma-4-e4b-it__ep3__bf16serve,gemma-4-e4b-it,ep3,bf16serve,test_heldout_docs,500,0.484,0.454,0.5160249999999998,500,0.234,0.198,0.274,500,0.36,0.318,0.4,500,0.3354,0.3059541666666667,0.36550083333333333,500,0.3409333333333333,0.31056083333333334,0.37073500000000004,500,0.0846,0.06603,0.10410749999999996,500,0.3263004449998052,0.31650104975942694,0.33598891382783297,500,0.23928542769521352,0.22998446031845834,0.24845764237495507,500,0.002,0.0,0.0060499999999997275,500,35.888,34.6939,37.08205,500
gemma-4-e4b-it__cpt_ep1__bf16serve,gemma-4-e4b-it,cpt_ep1,bf16serve,test_trained_exact,500,0.534,0.502,0.564,500,0.268,0.23,0.306,500,0.318,0.278,0.36,500,0.3325333333333333,0.3027316666666667,0.36293749999999997,500,0.34636666666666666,0.3167991666666667,0.3764408333333333,500,0.07629999999999999,0.05809916666666666,0.09460083333333331,500,0.39397351787861307,0.38146001304952465,0.4061286775441964,500,0.3116563183377077,0.2985007905414082,0.32476415623929566,500,0.01,0.002,0.02,500,29.688,28.72795,30.67805,500
gemma-4-e4b-it__cpt_ep1__bf16serve,gemma-4-e4b-it,cpt_ep1,bf16serve,test_seen_facts,279,0.553763440860215,0.514336917562724,0.5967741935483871,279,0.2831541218637993,0.22939068100358423,0.33691756272401435,279,0.2867383512544803,0.23297491039426524,0.34050179211469533,279,0.3167861409796893,0.2766397849462366,0.35597520908004776,279,0.3550776583034647,0.31546893667861414,0.3949357825567502,279,0.0996415770609319,0.0706063321385902,0.12957735961768216,279,0.30451573471973675,0.2921830652106728,0.3167814390101304,279,0.22372073411291504,0.21252965883513752,0.2350491894991989,279,0.0035842293906810036,0.0,0.010752688172043012,279,33.0,31.623476702508963,34.48028673835125,279
gemma-4-e4b-it__cpt_ep1__bf16serve,gemma-4-e4b-it,cpt_ep1,bf16serve,test_indomain,500,0.547,0.518,0.576,500,0.274,0.236,0.316,500,0.308,0.268,0.35,500,0.3648666666666667,0.3364991666666667,0.39426666666666665,500,0.3915333333333333,0.36062999999999995,0.4212358333333333,500,0.07333333333333335,0.05679916666666667,0.09060166666666666,500,0.3771970579905463,0.36563928447007876,0.3885032518337082,500,0.29158965869687437,0.27996896756662615,0.3027679154322545,500,0.008,0.002,0.016,500,31.16,30.11995,32.22205,500
gemma-4-e4b-it__cpt_ep1__bf16serve,gemma-4-e4b-it,cpt_ep1,bf16serve,test_heldout_docs,500,0.533,0.503,0.563,500,0.268,0.228,0.308,500,0.308,0.26795,0.35,500,0.33473333333333327,0.30726666666666663,0.36500166666666667,500,0.32883333333333337,0.30096166666666674,0.3585008333333333,500,0.08176666666666668,0.06359583333333332,0.10170249999999997,500,0.3626504110966839,0.3511924709108258,0.37369911324882416,500,0.27807629718261523,0.2667421846450188,0.2893338675326485,500,0.008,0.002,0.016,500,30.968,29.93595,32.0,500
gemma-4-e4b-it__ft1run__bf16serve,gemma-4-e4b-it,ft1run,bf16serve,test_trained_exact,500,0.547,0.516975,0.575,500,0.272,0.232,0.31,500,0.326,0.284,0.368,500,0.34896666666666665,0.3192316666666667,0.38006833333333334,500,,,,0,0.07956666666666666,0.06006333333333333,0.09873999999999995,500,0.40469124918488486,0.39223421253663643,0.4169840358467167,500,0.3188266070064829,0.3051897902580174,0.332606390538529,500,0.014,0.004,0.026,500,30.698,29.693949999999997,31.650049999999997,500
gemma-4-e4b-it__ft1run__bf16serve,gemma-4-e4b-it,ft1run,bf16serve,test_seen_facts,279,0.5842293906810035,0.5448028673835126,0.6254480286738351,279,0.31899641577060933,0.26523297491039427,0.3727598566308244,279,0.23297491039426524,0.1827956989247312,0.2867383512544803,279,0.3501194743130227,0.31099014336917563,0.390089605734767,279,0.40041816009557946,0.36092741935483874,0.44146206690561524,279,0.08040621266427717,0.05531511350059736,0.10675029868578255,279,0.31643410445932885,0.3024397118962082,0.3304447207884126,279,0.23634389675815695,0.2233608783192241,0.25005362663849695,279,0.0035842293906810036,0.0,0.010752688172043012,279,34.49820788530466,33.06084229390681,35.93566308243728,279
gemma-4-e4b-it__ft1run__bf16serve,gemma-4-e4b-it,ft1run,bf16serve,test_indomain,500,0.543,0.513,0.571,500,0.266,0.228,0.304,500,0.274,0.238,0.314,500,0.3796666666666667,0.3482325,0.40913333333333335,500,0.3797,0.3494608333333334,0.4088675,500,0.07103333333333334,0.05546416666666666,0.08884166666666662,500,0.37800162758336814,0.36757131408397076,0.388421132431789,500,0.29093425115331795,0.2798449029617952,0.30214078077380624,500,0.006,0.0,0.014,500,32.056,31.0056,33.082,500
gemma-4-e4b-it__ft1run__bf16serve,gemma-4-e4b-it,ft1run,bf16serve,test_heldout_docs,500,0.518,0.488,0.548,500,0.248,0.212,0.286,500,0.312,0.27,0.354,500,0.35736666666666667,0.32719500000000007,0.38684166666666664,500,0.3435,0.3137625,0.37356666666666666,500,0.0825,0.06369666666666668,0.101335,500,0.36074420315913075,0.35072975230475356,0.3711413262908043,500,0.27607468358936127,0.26608032927951264,0.28621530940220336,500,0.004,0.0,0.01,500,31.678,30.74365,32.60809999999999,500
gemma-4-e4b-it__seed43_ep1__bf16serve,gemma-4-e4b-it,seed43_ep1,bf16serve,test_seen_facts,279,0.5716845878136201,0.5286738351254481,0.6129032258064516,279,0.31899641577060933,0.26514336917562725,0.3763440860215054,279,0.27598566308243727,0.2222222222222222,0.32974910394265233,279,0.36009557945041815,0.3194145758661888,0.3998222819593787,279,0.3779569892473118,0.33560035842293906,0.4190591397849463,279,0.07491039426523297,0.05232377538829151,0.09928464755077655,279,0.33145745900497314,0.31678818222767097,0.3479852603561696,279,0.25086692963141893,0.23714250534368939,0.26692578704636777,279,0.0035842293906810036,0.0,0.010752688172043012,279,33.6415770609319,32.25403225806451,34.99301075268817,279
gemma-4-e4b-it__seed43_ep1__bf16serve,gemma-4-e4b-it,seed43_ep1,bf16serve,test_indomain,500,0.531,0.503975,0.56,500,0.256,0.21995,0.294,500,0.3,0.262,0.34,500,0.37556666666666666,0.34513333333333335,0.406035,500,0.3818666666666667,0.35236,0.41120249999999997,500,0.07429999999999999,0.05733333333333333,0.0924675,500,0.3735883518741396,0.36208369233348064,0.3853143548758502,500,0.28412080765982445,0.2731582649857247,0.29530242878896285,500,0.002,0.0,0.006,500,31.528,30.49185,32.57005,500
gemma-4-e4b-it__seed43_ep1__bf16serve,gemma-4-e4b-it,seed43_ep1,bf16serve,test_heldout_docs,500,0.495,0.464,0.526,500,0.238,0.2,0.276,500,0.342,0.3,0.382,500,0.3315666666666667,0.3032633333333333,0.3623350000000001,500,0.327,0.2992283333333334,0.35636833333333334,500,0.09219999999999999,0.07323333333333332,0.1119033333333333,500,0.3519862932668157,0.34143846558102225,0.3633197104381577,500,0.2689545838692542,0.25800265259476607,0.28031082939401025,500,0.004,0.0,0.01,500,31.486,30.45,32.564,500
llama-3.1-8b-instruct__base,llama-3.1-8b-instruct,base,match,test_trained_exact,500,0.552,0.518,0.585,500,0.348,0.306,0.39,500,0.45,0.406,0.492,500,0.517,0.4833291666666667,0.5492016666666667,500,,,,0,0.0996,0.07903249999999999,0.12150416666666664,500,0.1790640653364526,0.17133307736774792,0.18691785890686557,500,0.12924109773459405,0.12298710311849897,0.13567507974904908,500,0.0,0.0,0.0,500,222.082,214.22765,229.5972,500
llama-3.1-8b-instruct__base,llama-3.1-8b-instruct,base,match,test_seen_facts,279,0.521505376344086,0.482078853046595,0.5609318996415771,279,0.25448028673835127,0.20430107526881722,0.3046594982078853,279,0.44802867383512546,0.3870967741935484,0.5053763440860215,279,0.49755077658303465,0.45537485065710875,0.5381137992831541,279,0.4832735961768219,0.4390038829151733,0.5257511947431303,279,0.08309438470728793,0.06093189964157706,0.10896505376344083,279,0.15439320171429535,0.14591222619410513,0.1632952706123518,279,0.10729733706432962,0.10115157877510468,0.11396551199803959,279,0.0,0.0,0.0,279,227.8530465949821,216.6875448028674,238.68297491039425,279
llama-3.1-8b-instruct__base,llama-3.1-8b-instruct,base,match,test_indomain,500,0.5751503006012024,0.543061122244489,0.6072394789579157,499,0.3627254509018036,0.3226452905811623,0.4028056112224449,499,0.43286573146292584,0.3907815631262525,0.47695390781563124,499,0.5554666666666667,0.5222308333333333,0.5870391666666666,500,0.5288333333333334,0.49816416666666663,0.5606375,500,0.0907,0.07199583333333333,0.11100499999999998,500,0.18233899972579787,0.1749938487642455,0.1897972680824615,500,0.1300849419088224,0.12466576923356357,0.13618386858461062,500,0.0,0.0,0.0,500,219.658,212.16305,226.72469999999998,500
llama-3.1-8b-instruct__base,llama-3.1-8b-instruct,base,match,test_heldout_docs,500,0.53420523138833,0.501986921529175,0.56841046277666,497,0.3380281690140845,0.2997484909456741,0.38028169014084506,497,0.482897384305835,0.44059356136820926,0.5271629778672032,497,0.4932,0.45986333333333335,0.5246350000000001,500,0.45386666666666664,0.4214883333333333,0.4850683333333333,500,0.0999,0.08009916666666665,0.12153416666666665,500,0.179261761277401,0.17243912178424042,0.1864408813433275,500,0.126887858314578,0.12170791033169778,0.13242046128670934,500,0.0,0.0,0.0,500,212.764,205.51235,220.15745,500
llama-3.1-8b-instruct__concise40,llama-3.1-8b-instruct,concise40,match,test_trained_exact,500,0.478,0.448,0.509,500,0.206,0.17,0.244,500,0.516,0.47,0.56,500,0.36923333333333336,0.3399333333333333,0.39903999999999995,500,0.37166666666666665,0.3417658333333333,0.40236999999999995,500,0.11683333333333333,0.09573166666666667,0.14050083333333335,500,0.3235592574583774,0.31394843296307007,0.33336458957716303,500,0.23792189871232147,0.22918678683931043,0.24715173748776928,500,0.0,0.0,0.0,500,35.048,34.32195,35.85005,500
llama-3.1-8b-instruct__concise40,llama-3.1-8b-instruct,concise40,match,test_seen_facts,279,0.5304659498207885,0.4910394265232975,0.5716845878136201,279,0.26523297491039427,0.21505376344086022,0.31899641577060933,279,0.4229390681003584,0.3655913978494624,0.48028673835125446,279,0.3561529271206691,0.3154047192353644,0.3950462962962963,279,0.3752688172043011,0.3321953405017921,0.4162485065710872,279,0.11529271206690563,0.08602150537634409,0.14594235364396652,279,0.2651539280252811,0.25373073248152006,0.2758041097738473,279,0.1856185003458832,0.17683695268533847,0.1948879234041342,279,0.0,0.0,0.0,279,37.47670250896057,36.18637992831541,38.82437275985663,279
llama-3.1-8b-instruct__concise40,llama-3.1-8b-instruct,concise40,match,test_indomain,500,0.51,0.477,0.543,500,0.27,0.23,0.31,500,0.456,0.412,0.5,500,0.41806666666666664,0.38756416666666665,0.4478424999999999,500,0.4208333333333334,0.3914325,0.45033666666666666,500,0.10196666666666666,0.08236583333333333,0.12290083333333333,500,0.3220973581685248,0.3124399700088971,0.3322134487178666,500,0.23870457161778613,0.2299574530487108,0.24794696342848538,500,0.0,0.0,0.0,500,37.004,35.87795,38.31,500
llama-3.1-8b-instruct__concise40,llama-3.1-8b-instruct,concise40,match,test_heldout_docs,500,0.506,0.475,0.538,500,0.26,0.224,0.3,500,0.456,0.41195,0.5,500,0.3747,0.3446641666666666,0.4046666666666667,500,0.36916666666666664,0.33829833333333326,0.40077166666666664,500,0.10216666666666666,0.08209916666666665,0.12336749999999999,500,0.3109399205098321,0.3016180638505692,0.32037246478871456,500,0.2291577131904275,0.22041215946303921,0.2379725607469394,500,0.0,0.0,0.0,500,35.842,34.9619,36.714,500
llama-3.1-8b-instruct__ep1__bf16serve,llama-3.1-8b-instruct,ep1,bf16serve,test_trained_exact,500,0.607,0.576,0.638,500,0.38,0.34,0.422,500,0.342,0.3,0.3820499999999997,500,0.4298666666666667,0.3989258333333333,0.4625675,500,,,,0,0.05836666666666666,0.043465833333333335,0.07406916666666666,500,0.4813184485491584,0.46348165356171006,0.49935380681482916,500,0.41315924260632814,0.3932025262319783,0.4330175096776656,500,0.08,0.058,0.106,500,35.13,33.86795,36.4603,500
llama-3.1-8b-instruct__ep1__bf16serve,llama-3.1-8b-instruct,ep1,bf16serve,test_seen_facts,279,0.6146953405017921,0.5752688172043011,0.6541218637992832,279,0.3655913978494624,0.30824372759856633,0.4229390681003584,279,0.2867383512544803,0.22939068100358423,0.34050179211469533,279,0.3871565113500598,0.34503733572281964,0.4290352449223417,279,0.39994026284348866,0.35734617682198333,0.442534348864994,279,0.07837514934289128,0.05477747909199522,0.10454450418160095,279,0.3633944673000035,0.3451349259130109,0.38222618619007914,279,0.2810280559122013,0.2624424645237398,0.30144119640273814,279,0.025089605734767026,0.007168458781362007,0.04659498207885305,279,38.00358422939068,36.3655017921147,39.71720430107526,279
llama-3.1-8b-instruct__ep1__bf16serve,llama-3.1-8b-instruct,ep1,bf16serve,test_indomain,500,0.525,0.498,0.552,500,0.23,0.194,0.266,500,0.354,0.314,0.394,500,0.372,0.3420625,0.40246750000000003,500,0.3604,0.333365,0.38834,500,0.08746666666666666,0.0689975,0.10773999999999996,500,0.35848580617289383,0.3491702759141647,0.3684250706469527,500,0.26877207516773455,0.25977412165447855,0.27884381547753956,500,0.002,0.0,0.006,500,36.012,34.753949999999996,37.276050000000005,500
llama-3.1-8b-instruct__ep1__bf16serve,llama-3.1-8b-instruct,ep1,bf16serve,test_heldout_docs,500,0.46,0.43,0.489,500,0.196,0.16,0.232,500,0.42,0.376,0.462,500,0.32456666666666667,0.2945308333333333,0.3524,500,0.3188,0.28969666666666666,0.34746916666666666,500,0.09253333333333333,0.07323333333333333,0.11213666666666663,500,0.33411687154428293,0.32430914043796866,0.34417006215007623,500,0.2480168545591657,0.23829475236695935,0.2575416493290781,500,0.002,0.0,0.0060499999999997275,500,36.112,34.863899999999994,37.36,500
llama-3.1-8b-instruct__ep2__bf16serve,llama-3.1-8b-instruct,ep2,bf16serve,test_trained_exact,500,0.853,0.828,0.876,500,0.756,0.718,0.792,500,0.148,0.118,0.18,500,0.7257,0.69549,0.7602091666666666,500,,,,0,0.028966666666666665,0.018265,0.041299999999999996,500,0.8112080164172873,0.7896532898007272,0.8331694326297295,500,0.7884338310531835,0.7637380546698737,0.8135361495421192,500,0.658,0.618,0.7,500,38.758,37.3859,40.17005,500
llama-3.1-8b-instruct__ep2__bf16serve,llama-3.1-8b-instruct,ep2,bf16serve,test_seen_facts,279,0.6738351254480287,0.6362007168458781,0.7114695340501792,279,0.45161290322580644,0.3906810035842294,0.5053763440860215,279,0.26881720430107525,0.21863799283154123,0.31908602150537585,279,0.4870967741935484,0.44002240143369176,0.5295788530465949,279,0.49235364396654724,0.44820639187574673,0.5361424731182795,279,0.06457586618876941,0.0437858422939068,0.08781660692951014,279,0.4633718353262951,0.43783099607175757,0.49044682657647426,279,0.39734779420184524,0.36854284434866524,0.4270625499362746,279,0.12544802867383512,0.08602150537634409,0.16487455197132617,279,43.204301075268816,41.250627240143366,45.25824372759857,279
llama-3.1-8b-instruct__ep2__bf16serve,llama-3.1-8b-instruct,ep2,bf16serve,test_indomain,500,0.496,0.468,0.523,500,0.196,0.16,0.232,500,0.412,0.366,0.45604999999999973,500,0.3715,0.34159500000000004,0.4022691666666666,500,0.37089999999999995,0.3428316666666667,0.3997033333333333,500,0.09296666666666667,0.07436666666666668,0.11250083333333333,500,0.3377024940403337,0.32889072539649833,0.34636083362382,500,0.24526283494772258,0.23705470268841822,0.2537394740712248,500,0.0,0.0,0.0,500,40.916,39.537949999999995,42.32015,500
llama-3.1-8b-instruct__ep2__bf16serve,llama-3.1-8b-instruct,ep2,bf16serve,test_heldout_docs,500,0.465,0.437,0.495,500,0.188,0.154,0.224,500,0.436,0.392,0.48,500,0.31089999999999995,0.28143166666666664,0.33930249999999995,500,0.31756666666666666,0.2895975,0.3469033333333333,500,0.1019,0.08106416666666666,0.12393416666666666,500,0.3103455535617103,0.30146506829744874,0.3194980333648972,500,0.22234393707838507,0.21406450585866743,0.23093424783872146,500,0.002,0.0,0.006,500,42.76,41.2335,44.2701,500
llama-3.1-8b-instruct__ep3__bf16serve,llama-3.1-8b-instruct,ep3,bf16serve,test_trained_exact,500,0.896,0.874,0.915,500,0.824,0.79,0.856,500,0.126,0.098,0.156,500,0.7512666666666666,0.7188641666666666,0.7842733333333333,500,,,,0,0.01896666666666667,0.010799166666666665,0.028268333333333322,500,0.8563195971202989,0.836400176606611,0.8757805366841075,500,0.839476750668591,0.8171312346488007,0.8610003756211584,500,0.742,0.704,0.78,500,38.09,36.72795,39.4661,500
llama-3.1-8b-instruct__ep3__bf16serve,llama-3.1-8b-instruct,ep3,bf16serve,test_seen_facts,279,0.6541218637992832,0.6129032258064516,0.6917562724014337,279,0.4336917562724014,0.3763440860215054,0.487544802867383,279,0.30824372759856633,0.25448028673835127,0.36200716845878134,279,0.48482676224611704,0.43750597371565114,0.526884707287933,279,0.5099761051373954,0.4635603345280765,0.552389486260454,279,0.05830346475507765,0.0374537037037037,0.07927270011947431,279,0.473018088882267,0.44513557325876874,0.4995064684816981,279,0.41080959687700397,0.3807612544826548,0.44048590505874585,279,0.14336917562724014,0.1039426523297491,0.1863799283154122,279,42.168458781362006,40.23996415770609,44.16854838709677,279
llama-3.1-8b-instruct__ep3__bf16serve,llama-3.1-8b-instruct,ep3,bf16serve,test_indomain,500,0.514,0.486,0.54,500,0.212,0.174,0.248,500,0.396,0.352,0.44,500,0.37110000000000004,0.34022,0.399405,500,0.3779333333333334,0.34799583333333334,0.40716749999999996,500,0.07693333333333334,0.06089749999999999,0.09490083333333334,500,0.3338738768038368,0.3248316579201458,0.3432807329484889,500,0.2426725460844682,0.23415820825839012,0.25136074105525663,500,0.0,0.0,0.0,500,40.284,38.954,41.56615,500
llama-3.1-8b-instruct__ep3__bf16serve,llama-3.1-8b-instruct,ep3,bf16serve,test_heldout_docs,500,0.462,0.433,0.492,500,0.188,0.154,0.224,500,0.424,0.38,0.468,500,0.30806666666666666,0.27819916666666666,0.3366016666666667,500,0.31610000000000005,0.2885658333333333,0.34534999999999993,500,0.09013333333333333,0.07069999999999999,0.1103,500,0.31115054557978467,0.3021094181665135,0.31983480377233325,500,0.22573812028381637,0.21737102661334878,0.23447728323784223,500,0.002,0.0,0.006,500,41.086,39.665749999999996,42.440099999999994,500
llama-3.1-8b-instruct__cpt_ep1__bf16serve,llama-3.1-8b-instruct,cpt_ep1,bf16serve,test_trained_exact,500,0.564128256513026,0.5360721442885772,0.593186372745491,499,0.29458917835671344,0.2565130260521042,0.3346693386773547,499,0.3406813627254509,0.2965931863727455,0.3807615230460922,499,0.4055333333333333,0.37462833333333334,0.4380716666666667,500,0.4049666666666667,0.37543166666666666,0.4363675,500,0.06620000000000001,0.049966666666666666,0.08203583333333332,500,0.4259283423658431,0.41224255432331164,0.43965746846881154,500,0.34565578077231296,0.33072136972002597,0.36024909418623935,500,0.026,0.014,0.04,500,35.102,33.98175,36.248149999999995,500
llama-3.1-8b-instruct__cpt_ep1__bf16serve,llama-3.1-8b-instruct,cpt_ep1,bf16serve,test_seen_facts,279,0.5716845878136201,0.5340501792114696,0.6093637992831539,279,0.2831541218637993,0.22939068100358423,0.33691756272401435,279,0.25806451612903225,0.20430107526881722,0.30824372759856633,279,0.37162485065710876,0.3297401433691756,0.4106959378733573,279,0.3966547192353644,0.3553091397849462,0.43745818399044206,279,0.08064516129032256,0.05477598566308244,0.10734916367980883,279,0.3243075056313115,0.3101654240319137,0.33868648963037334,279,0.24233239574245263,0.22887581756340758,0.25701404088863633,279,0.007168458781362007,0.0,0.017921146953405017,279,38.23297491039426,36.72043010752688,39.69901433691756,279
llama-3.1-8b-instruct__cpt_ep1__bf16serve,llama-3.1-8b-instruct,cpt_ep1,bf16serve,test_indomain,500,0.539,0.51,0.568,500,0.256,0.218,0.294,500,0.316,0.276,0.356,500,0.37376666666666664,0.34476416666666665,0.4034008333333334,500,0.37176666666666663,0.34320000000000006,0.4016675,500,0.06896666666666666,0.05219833333333334,0.08650166666666666,500,0.3799689051877375,0.3693517189388493,0.39115411885393614,500,0.2897495938578303,0.27895163877431534,0.30055080409359347,500,0.002,0.0,0.008,500,35.542,34.31775,36.720299999999995,500
llama-3.1-8b-instruct__cpt_ep1__bf16serve,llama-3.1-8b-instruct,cpt_ep1,bf16serve,test_heldout_docs,500,0.502,0.472,0.532,500,0.234,0.198,0.272,500,0.374,0.332,0.414,500,0.33976666666666666,0.3121975,0.36846666666666666,500,0.3194,0.2940333333333333,0.34696750000000004,500,0.08553333333333334,0.06736500000000001,0.10513749999999998,500,0.3518536140792323,0.3414788256243597,0.36246513386221924,500,0.2626248265398901,0.2525327325602045,0.27301817837385106,500,0.004,0.0,0.01,500,35.806,34.73,36.88615,500
llama-3.1-8b-instruct__cpt_ep2__bf16serve,llama-3.1-8b-instruct,cpt_ep2,bf16serve,test_trained_exact,500,0.735,0.7069749999999999,0.763,500,0.55,0.506,0.596,500,0.258,0.22,0.2960499999999997,500,0.5829666666666667,0.5481625,0.6164408333333332,500,0.5847333333333333,0.5509975,0.6175008333333334,500,0.03306666666666666,0.022465000000000002,0.044434166666666663,500,0.6188067085402733,0.5955533960892132,0.6411293235523761,500,0.5648479678007695,0.5385064391266797,0.5916719739984269,500,0.308,0.26795,0.348,500,37.958,36.65985,39.30805,500
llama-3.1-8b-instruct__cpt_ep2__bf16serve,llama-3.1-8b-instruct,cpt_ep2,bf16serve,test_seen_facts,279,0.6200716845878136,0.578853046594982,0.6577508960573475,279,0.3763440860215054,0.3189068100358423,0.4336917562724014,279,0.26523297491039427,0.2185483870967742,0.31899641577060933,279,0.41869772998805255,0.375981182795699,0.4610513739545997,279,0.4127240143369176,0.3722207287933094,0.45119474313022695,279,0.08076463560334529,0.05734767025089606,0.10561827956989246,279,0.39831254214250117,0.37612511122231396,0.42232085113273143,279,0.3197561808608419,0.2954455270078048,0.34606066728461404,279,0.07526881720430108,0.04659498207885305,0.10752688172043011,279,40.784946236559136,39.057258064516134,42.60241935483871,279
llama-3.1-8b-instruct__cpt_ep2__bf16serve,llama-3.1-8b-instruct,cpt_ep2,bf16serve,test_indomain,500,0.528,0.5,0.556,500,0.248,0.21,0.286,500,0.362,0.32,0.404,500,0.37343333333333334,0.3446,0.40320000000000006,500,0.3876666666666666,0.3582983333333333,0.4170341666666667,500,0.08506666666666667,0.06709916666666665,0.10319999999999999,500,0.3524127031153681,0.34208269003908304,0.36267213458289255,500,0.2616818328145836,0.2513356860932417,0.2716953133457312,500,0.0,0.0,0.0,500,38.214,36.96395,39.568,500
llama-3.1-8b-instruct__cpt_ep2__bf16serve,llama-3.1-8b-instruct,cpt_ep2,bf16serve,test_heldout_docs,500,0.469,0.437,0.4990249999999999,500,0.23,0.196,0.268,500,0.392,0.348,0.434,500,0.3228666666666667,0.29462999999999995,0.3514683333333333,500,0.3250333333333333,0.2953333333333334,0.35467,500,0.08746666666666666,0.0705,0.10610333333333331,500,0.3163511715799084,0.3066640675204592,0.3264237197473596,500,0.23161102708743903,0.22276198011225395,0.24110589111343503,500,0.002,0.0,0.006,500,39.79,38.411899999999996,41.102,500
llama-3.1-8b-instruct__ft1run__bf16serve,llama-3.1-8b-instruct,ft1run,bf16serve,test_trained_exact,500,0.571,0.541,0.5990249999999998,500,0.296,0.256,0.33604999999999974,500,0.352,0.312,0.396,500,0.3778333333333333,0.34686666666666666,0.4092675,500,,,,0,0.0722,0.05633166666666666,0.08960083333333332,500,0.4314695726144951,0.4172092947143086,0.4456821137567053,500,0.35076722952710615,0.33549506236773036,0.36675241505771095,500,0.04,0.024,0.058,500,33.464,32.2799,34.6462,500
llama-3.1-8b-instruct__ft1run__bf16serve,llama-3.1-8b-instruct,ft1run,bf16serve,test_seen_facts,279,0.5953237410071942,0.5557553956834532,0.6348920863309353,278,0.3345323741007194,0.2805755395683453,0.3920863309352518,278,0.25539568345323743,0.20503597122302158,0.3057553956834532,278,0.3577658303464755,0.3161215651135006,0.39761051373954603,279,0.40089605734767025,0.35818399044205496,0.44008661887694145,279,0.09892473118279568,0.0715621266427718,0.12765830346475507,279,0.341591444604851,0.32587111814787567,0.35654803776762833,279,0.25964559129815734,0.24431233727684232,0.2753344540863124,279,0.014336917562724014,0.0035842293906810036,0.02867383512544803,279,36.58064516129032,35.10376344086021,38.04686379928315,279
llama-3.1-8b-instruct__ft1run__bf16serve,llama-3.1-8b-instruct,ft1run,bf16serve,test_indomain,500,0.52,0.491,0.549,500,0.242,0.204,0.28,500,0.35,0.308,0.392,500,0.37526666666666664,0.34583250000000004,0.40370166666666674,500,0.40663333333333335,0.3755916666666667,0.43573333333333336,500,0.08883333333333333,0.07110000000000001,0.10736833333333334,500,0.37266896945171424,0.3625913452095129,0.38326835956789185,500,0.28402130496385847,0.2731603048938215,0.29452464302215303,500,0.004,0.0,0.01,500,34.408,33.13995,35.61815,500
llama-3.1-8b-instruct__ft1run__bf16serve,llama-3.1-8b-instruct,ft1run,bf16serve,test_heldout_docs,500,0.485,0.456,0.515,500,0.21,0.174,0.244,500,0.364,0.322,0.406,500,0.33253333333333335,0.304995,0.3611675,500,0.326,0.2990991666666667,0.3534358333333333,500,0.10156666666666667,0.08120000000000001,0.12213749999999997,500,0.345685720683482,0.3349916786660088,0.3560914752856128,500,0.25868812118841855,0.24780242215198212,0.2695448756419434,500,0.002,0.0,0.0060499999999997275,500,34.966,33.822,36.1382,500
llama-3.1-8b-instruct__seed43_ep1__bf16serve,llama-3.1-8b-instruct,seed43_ep1,bf16serve,test_seen_facts,279,0.600358422939068,0.5609318996415771,0.6397849462365591,279,0.33691756272401435,0.2831541218637993,0.3942652329749104,279,0.3154121863799283,0.25806451612903225,0.36917562724014336,279,0.379689366786141,0.33732825567502994,0.41978643966547186,279,0.3925925925925926,0.35143219832735956,0.4327374551971326,279,0.07072879330943847,0.047668757467144565,0.09474313022700118,279,0.36786225093491676,0.35084778298932,0.386334231290496,279,0.28846617364994376,0.2703775516141564,0.30919591638356225,279,0.02867383512544803,0.010752688172043012,0.05017921146953405,279,37.473118279569896,35.97105734767025,39.01801075268817,279
llama-3.1-8b-instruct__seed43_ep1__bf16serve,llama-3.1-8b-instruct,seed43_ep1,bf16serve,test_indomain,500,0.521,0.495,0.548,500,0.216,0.182,0.254,500,0.35,0.308,0.392,500,0.35806666666666664,0.32832999999999996,0.3882091666666666,500,0.36869999999999997,0.34036416666666663,0.39823666666666657,500,0.0812,0.06376499999999999,0.09879999999999999,500,0.34986902390352587,0.34064247751774995,0.35944883000017874,500,0.26355866926959537,0.2538624745830623,0.27284411305826056,500,0.002,0.0,0.008,500,36.068,34.91995,37.308099999999996,500
llama-3.1-8b-instruct__seed43_ep1__bf16serve,llama-3.1-8b-instruct,seed43_ep1,bf16serve,test_heldout_docs,500,0.474,0.445975,0.504,500,0.206,0.172,0.242,500,0.402,0.36,0.444,500,0.3149666666666667,0.2855625,0.34603749999999994,500,0.31396666666666667,0.2856666666666667,0.34360083333333336,500,0.09639999999999999,0.07663,0.1172675,500,0.33120757615029234,0.3211451152273707,0.34139815569627524,500,0.2462324494728945,0.2365410796376478,0.2562292655179792,500,0.002,0.0,0.006,500,36.88,35.7059,38.068,500
