system,split,group_type,group,n,judge_lenient,keyfact_recall,contradiction_rate,token_f1
gemma-4-e4b-it__base,test_heldout_docs,q_type,application,94,0.7393617021276596,0.46099290780141844,0.04361702127659574,0.1881434391341034
gemma-4-e4b-it__base,test_heldout_docs,q_type,definition,142,0.7007042253521126,0.548943661971831,0.07230046948356808,0.17417839153099926
gemma-4-e4b-it__base,test_heldout_docs,q_type,explanation,136,0.7573529411764706,0.626593137254902,0.027205882352941173,0.16555353649471727
gemma-4-e4b-it__base,test_heldout_docs,q_type,factual,128,0.52734375,0.49895833333333334,0.11419270833333334,0.1858266202176595
gemma-4-e4b-it__base,test_indomain,q_type,application,101,0.7673267326732673,0.5254125412541254,0.06996699669966996,0.18819279923647253
gemma-4-e4b-it__base,test_indomain,q_type,definition,117,0.7758620689655172,0.6123931623931624,0.08846153846153845,0.18043842629865703
gemma-4-e4b-it__base,test_indomain,q_type,explanation,150,0.8133333333333334,0.645888888888889,0.03955555555555556,0.16799531599397063
gemma-4-e4b-it__base,test_indomain,q_type,factual,132,0.571969696969697,0.49671717171717167,0.11780303030303031,0.17555541852753004
gemma-4-e4b-it__base,test_seen_facts,q_type,application,63,0.7142857142857143,0.4632275132275132,0.032275132275132276,0.1672169412673979
gemma-4-e4b-it__base,test_seen_facts,q_type,definition,71,0.6830985915492958,0.6382629107981221,0.05845070422535212,0.14068163417149693
gemma-4-e4b-it__base,test_seen_facts,q_type,explanation,75,0.7533333333333333,0.5957777777777777,0.023555555555555555,0.1415517271934723
gemma-4-e4b-it__base,test_seen_facts,q_type,factual,70,0.5214285714285715,0.40952380952380957,0.1361904761904762,0.1550317434256939
gemma-4-e4b-it__base,test_trained_exact,q_type,application,109,0.8027522935779816,0.5181957186544343,0.03746177370030581,0.17967856947179883
gemma-4-e4b-it__base,test_trained_exact,q_type,definition,131,0.6870229007633588,0.6086513994910941,0.08002544529262086,0.16641966271279385
gemma-4-e4b-it__base,test_trained_exact,q_type,explanation,134,0.8246268656716418,0.6544776119402985,0.03383084577114428,0.1637626200268566
gemma-4-e4b-it__base,test_trained_exact,q_type,factual,126,0.5,0.45396825396825397,0.1384920634920635,0.18550039595492676
gemma-4-e4b-it__concise40,test_heldout_docs,q_type,application,94,0.5531914893617021,0.24148936170212765,0.045744680851063826,0.231254033736207
gemma-4-e4b-it__concise40,test_heldout_docs,q_type,definition,142,0.5809859154929577,0.3732394366197183,0.08438967136150234,0.30199669705752547
gemma-4-e4b-it__concise40,test_heldout_docs,q_type,explanation,136,0.6213235294117647,0.33174019607843136,0.04926470588235294,0.24333537021590482
gemma-4-e4b-it__concise40,test_heldout_docs,q_type,factual,128,0.4921875,0.3953125,0.08541666666666667,0.31329738132437773
gemma-4-e4b-it__concise40,test_indomain,q_type,application,101,0.6188118811881188,0.26963696369636964,0.05858085808580858,0.22773591519746084
gemma-4-e4b-it__concise40,test_indomain,q_type,definition,117,0.5854700854700855,0.37535612535612534,0.0893162393162393,0.315799409749354
gemma-4-e4b-it__concise40,test_indomain,q_type,explanation,150,0.6333333333333333,0.40755555555555556,0.04077777777777778,0.26262015441795494
gemma-4-e4b-it__concise40,test_indomain,q_type,factual,132,0.5416666666666666,0.3891414141414141,0.08459595959595959,0.33372717084358944
gemma-4-e4b-it__concise40,test_seen_facts,q_type,application,63,0.6111111111111112,0.25105820105820104,0.046296296296296294,0.22584281034544662
gemma-4-e4b-it__concise40,test_seen_facts,q_type,definition,71,0.6338028169014085,0.40023474178403756,0.0931924882629108,0.2718669519476443
gemma-4-e4b-it__concise40,test_seen_facts,q_type,explanation,75,0.7066666666666667,0.32133333333333336,0.05311111111111111,0.23638000933272152
gemma-4-e4b-it__concise40,test_seen_facts,q_type,factual,70,0.42142857142857143,0.23047619047619047,0.11261904761904762,0.25581574109594263
gemma-4-e4b-it__concise40,test_trained_exact,q_type,application,109,0.591743119266055,0.25535168195718655,0.023394495412844035,0.24280411379230046
gemma-4-e4b-it__concise40,test_trained_exact,q_type,definition,131,0.5725190839694656,0.3683206106870229,0.07709923664122137,0.3102454243610958
gemma-4-e4b-it__concise40,test_trained_exact,q_type,explanation,134,0.6455223880597015,0.3597014925373134,0.05708955223880597,0.26330150825045934
gemma-4-e4b-it__concise40,test_trained_exact,q_type,factual,126,0.373015873015873,0.26865079365079364,0.1630952380952381,0.3340048318192747
llama-3.1-8b-instruct__base,test_heldout_docs,q_type,application,94,0.5659340659340659,0.46347517730496457,0.05372340425531915,0.17410119801981663
llama-3.1-8b-instruct__base,test_heldout_docs,q_type,definition,142,0.5422535211267606,0.526056338028169,0.13039906103286383,0.1770005872356102
llama-3.1-8b-instruct__base,test_heldout_docs,q_type,explanation,136,0.6176470588235294,0.5224264705882353,0.04142156862745098,0.17637932664608677
llama-3.1-8b-instruct__base,test_heldout_docs,q_type,factual,128,0.4140625,0.44752604166666665,0.162109375,0.18862262666807236
llama-3.1-8b-instruct__base,test_indomain,q_type,application,101,0.594059405940594,0.5288778877887789,0.062376237623762376,0.18130290294795398
llama-3.1-8b-instruct__base,test_indomain,q_type,definition,117,0.6068376068376068,0.5783475783475784,0.0997150997150997,0.1854645846187977
llama-3.1-8b-instruct__base,test_indomain,q_type,explanation,150,0.6308724832214765,0.5954444444444444,0.028888888888888888,0.17424502942539818
llama-3.1-8b-instruct__base,test_indomain,q_type,factual,132,0.4696969696969697,0.51010101010101,0.17462121212121212,0.18955905947686735
llama-3.1-8b-instruct__base,test_seen_facts,q_type,application,63,0.6111111111111112,0.46534391534391534,0.050529100529100535,0.16811451402523941
llama-3.1-8b-instruct__base,test_seen_facts,q_type,definition,71,0.5211267605633803,0.5978873239436621,0.08333333333333334,0.14448146102221426
llama-3.1-8b-instruct__base,test_seen_facts,q_type,explanation,75,0.5933333333333334,0.5339999999999999,0.03288888888888889,0.14544847502186192
llama-3.1-8b-instruct__base,test_seen_facts,q_type,factual,70,0.36428571428571427,0.38571428571428573,0.16595238095238096,0.1616809933640207
llama-3.1-8b-instruct__base,test_trained_exact,q_type,application,109,0.6192660550458715,0.48593272171253826,0.053516819571865444,0.17707310155429815
llama-3.1-8b-instruct__base,test_trained_exact,q_type,definition,131,0.5687022900763359,0.5825699745547074,0.09987277353689568,0.1663660638041448
llama-3.1-8b-instruct__base,test_trained_exact,q_type,explanation,134,0.6417910447761194,0.5737562189054727,0.035323383084577116,0.16982691325946697
llama-3.1-8b-instruct__base,test_trained_exact,q_type,factual,126,0.38095238095238093,0.41534391534391535,0.20753968253968252,0.2038119354261608
llama-3.1-8b-instruct__concise40,test_heldout_docs,q_type,application,94,0.5425531914893617,0.2622340425531915,0.05656028368794326,0.2607426370688169
llama-3.1-8b-instruct__concise40,test_heldout_docs,q_type,definition,142,0.5492957746478874,0.42582159624413146,0.123943661971831,0.3348530349569933
llama-3.1-8b-instruct__concise40,test_heldout_docs,q_type,explanation,136,0.5183823529411765,0.4241421568627451,0.043382352941176476,0.3000715981202346
llama-3.1-8b-instruct__concise40,test_heldout_docs,q_type,factual,128,0.41796875,0.348046875,0.17395833333333333,0.33282253173595555
llama-3.1-8b-instruct__concise40,test_indomain,q_type,application,101,0.5693069306930693,0.32541254125412544,0.05742574257425742,0.2822563427209668
llama-3.1-8b-instruct__concise40,test_indomain,q_type,definition,117,0.5427350427350427,0.42877492877492873,0.11253561253561253,0.34045452988538366
llama-3.1-8b-instruct__concise40,test_indomain,q_type,explanation,150,0.5333333333333333,0.4613333333333334,0.04455555555555556,0.32064559255554237
llama-3.1-8b-instruct__concise40,test_indomain,q_type,factual,132,0.4090909090909091,0.4303030303030303,0.1919191919191919,0.33796037567820836
llama-3.1-8b-instruct__concise40,test_seen_facts,q_type,application,63,0.5634920634920635,0.2843915343915344,0.06772486772486773,0.2515500250194592
llama-3.1-8b-instruct__concise40,test_seen_facts,q_type,definition,71,0.5985915492957746,0.4215962441314554,0.11032863849765258,0.2788215052853297
llama-3.1-8b-instruct__concise40,test_seen_facts,q_type,explanation,75,0.62,0.4231111111111111,0.03155555555555556,0.26264219472294204
llama-3.1-8b-instruct__concise40,test_seen_facts,q_type,factual,70,0.3357142857142857,0.28261904761904766,0.25285714285714284,0.26622575519069197
llama-3.1-8b-instruct__concise40,test_trained_exact,q_type,application,109,0.5137614678899083,0.2909785932721713,0.05978593272171254,0.29944984427046467
llama-3.1-8b-instruct__concise40,test_trained_exact,q_type,definition,131,0.5267175572519084,0.44720101781170485,0.12150127226463103,0.3333356216331043
llama-3.1-8b-instruct__concise40,test_trained_exact,q_type,explanation,134,0.5522388059701493,0.39042288557213933,0.058208955223880594,0.3208860867538427
llama-3.1-8b-instruct__concise40,test_trained_exact,q_type,factual,126,0.31746031746031744,0.3333333333333333,0.22367724867724867,0.3370943940060035
qwen3-8b__base,test_heldout_docs,q_type,application,94,0.6648936170212766,0.4526595744680851,0.06241134751773049,0.24158912146865782
qwen3-8b__base,test_heldout_docs,q_type,definition,142,0.6690140845070423,0.534037558685446,0.08086854460093897,0.26004315828036256
qwen3-8b__base,test_heldout_docs,q_type,explanation,136,0.7242647058823529,0.560906862745098,0.03872549019607843,0.2673523314737422
qwen3-8b__base,test_heldout_docs,q_type,factual,128,0.5078125,0.501953125,0.16822916666666665,0.26213447710794907
qwen3-8b__base,test_indomain,q_type,application,101,0.7178217821782178,0.5371287128712872,0.06072607260726073,0.25608654389287905
qwen3-8b__base,test_indomain,q_type,definition,117,0.7094017094017094,0.5666666666666667,0.0876068376068376,0.26355933608119947
qwen3-8b__base,test_indomain,q_type,explanation,150,0.7266666666666667,0.6128888888888889,0.025111111111111112,0.27336889000081027
qwen3-8b__base,test_indomain,q_type,factual,132,0.5303030303030303,0.5276515151515152,0.211489898989899,0.26268691506151126
qwen3-8b__base,test_seen_facts,q_type,application,63,0.7222222222222222,0.4656084656084656,0.07275132275132275,0.21919759597016517
qwen3-8b__base,test_seen_facts,q_type,definition,71,0.704225352112676,0.631924882629108,0.07582159624413144,0.19822031119523206
qwen3-8b__base,test_seen_facts,q_type,explanation,75,0.74,0.6215555555555555,0.02688888888888889,0.2172523630815741
qwen3-8b__base,test_seen_facts,q_type,factual,70,0.42857142857142855,0.35666666666666663,0.2588095238095238,0.2169732601850561
qwen3-8b__base,test_trained_exact,q_type,application,109,0.7568807339449541,0.5284403669724771,0.02140672782874618,0.25506771278697293
qwen3-8b__base,test_trained_exact,q_type,definition,131,0.6717557251908397,0.6438931297709923,0.08078880407124682,0.25179556052429936
qwen3-8b__base,test_trained_exact,q_type,explanation,134,0.7649253731343284,0.6055970149253732,0.02325870646766169,0.26850581148797587
qwen3-8b__base,test_trained_exact,q_type,factual,126,0.44047619047619047,0.44576719576719576,0.24047619047619048,0.2867957354413823
qwen3-8b__concise40,test_heldout_docs,q_type,application,94,0.5585106382978723,0.2154255319148936,0.06170212765957447,0.23971789841686572
qwen3-8b__concise40,test_heldout_docs,q_type,definition,142,0.5669014084507042,0.3627934272300469,0.09671361502347417,0.31639127575139037
qwen3-8b__concise40,test_heldout_docs,q_type,explanation,136,0.6029411764705882,0.37573529411764706,0.05220588235294117,0.25591515772743795
qwen3-8b__concise40,test_heldout_docs,q_type,factual,128,0.45703125,0.3946614583333333,0.17096354166666666,0.33968898464664143
qwen3-8b__concise40,test_indomain,q_type,application,101,0.594059405940594,0.23250825082508253,0.05297029702970297,0.2508827045624817
qwen3-8b__concise40,test_indomain,q_type,definition,117,0.5470085470085471,0.39116809116809115,0.09316239316239316,0.3213069383873445
qwen3-8b__concise40,test_indomain,q_type,explanation,150,0.5866666666666667,0.4181111111111111,0.03766666666666667,0.2811385713631806
qwen3-8b__concise40,test_indomain,q_type,factual,132,0.4696969696969697,0.3832070707070707,0.1984848484848485,0.36062451567471454
qwen3-8b__concise40,test_seen_facts,q_type,application,63,0.5952380952380952,0.20343915343915345,0.041534391534391535,0.24356717176757242
qwen3-8b__concise40,test_seen_facts,q_type,definition,71,0.6197183098591549,0.4335680751173709,0.0812206572769953,0.2768589261166235
qwen3-8b__concise40,test_seen_facts,q_type,explanation,75,0.7,0.3373333333333333,0.024444444444444446,0.24413447707070002
qwen3-8b__concise40,test_seen_facts,q_type,factual,70,0.40714285714285714,0.2733333333333333,0.2723809523809524,0.2848720484466836
qwen3-8b__concise40,test_trained_exact,q_type,application,109,0.591743119266055,0.23318042813455658,0.02966360856269113,0.2680563433033237
qwen3-8b__concise40,test_trained_exact,q_type,definition,131,0.5648854961832062,0.41819338422391855,0.07951653944020355,0.3348912385152325
qwen3-8b__concise40,test_trained_exact,q_type,explanation,134,0.6231343283582089,0.3756218905472637,0.055099502487562194,0.29203212771177905
qwen3-8b__concise40,test_trained_exact,q_type,factual,126,0.36904761904761907,0.3025132275132275,0.21335978835978836,0.38082218176901705
gemma-4-e4b-it__base,test_heldout_docs,dimension,assessment,29,0.6379310344827587,0.4258620689655172,0.1132183908045977,0.17570633829743512
gemma-4-e4b-it__base,test_heldout_docs,dimension,equity_accessibility,62,0.7661290322580645,0.6120967741935485,0.08548387096774193,0.1850976503108809
gemma-4-e4b-it__base,test_heldout_docs,dimension,faculty_readiness,6,0.5833333333333334,0.5083333333333333,0.0,0.18153873565126685
gemma-4-e4b-it__base,test_heldout_docs,dimension,general,63,0.746031746031746,0.6486772486772486,0.03306878306878307,0.16181336412914196
gemma-4-e4b-it__base,test_heldout_docs,dimension,governance,79,0.7531645569620253,0.5685654008438819,0.060548523206751054,0.17934780734215613
gemma-4-e4b-it__base,test_heldout_docs,dimension,leadership_strategy,26,0.4423076923076923,0.3685897435897436,0.01730769230769231,0.1449580953930259
gemma-4-e4b-it__base,test_heldout_docs,dimension,monitoring_improvement,31,0.6935483870967742,0.5532258064516129,0.12688172043010754,0.1653653043271854
gemma-4-e4b-it__base,test_heldout_docs,dimension,privacy_security,36,0.8333333333333334,0.7060185185185186,0.06944444444444445,0.19110154645422858
gemma-4-e4b-it__base,test_heldout_docs,dimension,procurement_technology,26,0.5576923076923077,0.3961538461538462,0.055769230769230765,0.19842892959823702
gemma-4-e4b-it__base,test_heldout_docs,dimension,student_ai_literacy,27,0.5370370370370371,0.4524691358024691,0.05185185185185185,0.2071229948579607
gemma-4-e4b-it__base,test_heldout_docs,dimension,teaching_learning,115,0.6217391304347826,0.4918840579710145,0.06521739130434782,0.17539174213689313
gemma-4-e4b-it__base,test_indomain,dimension,assessment,30,0.8,0.545,0.06888888888888887,0.18253297714590705
gemma-4-e4b-it__base,test_indomain,dimension,equity_accessibility,37,0.8648648648648649,0.6495495495495495,0.06936936936936937,0.15807742437625555
gemma-4-e4b-it__base,test_indomain,dimension,faculty_readiness,45,0.5777777777777777,0.4744444444444445,0.20185185185185187,0.17150311967319534
gemma-4-e4b-it__base,test_indomain,dimension,general,60,0.725,0.5502777777777778,0.08916666666666666,0.17110118011734762
gemma-4-e4b-it__base,test_indomain,dimension,governance,81,0.7777777777777778,0.6129629629629629,0.058024691358024696,0.18054892868363162
gemma-4-e4b-it__base,test_indomain,dimension,leadership_strategy,32,0.734375,0.6786458333333333,0.0421875,0.17811912038873823
gemma-4-e4b-it__base,test_indomain,dimension,monitoring_improvement,26,0.7115384615384616,0.4858974358974359,0.06025641025641026,0.1776830728355183
gemma-4-e4b-it__base,test_indomain,dimension,privacy_security,30,0.8,0.6922222222222222,0.04833333333333333,0.1820101163466995
gemma-4-e4b-it__base,test_indomain,dimension,procurement_technology,19,0.47368421052631576,0.3508771929824562,0.05263157894736842,0.16369666529561508
gemma-4-e4b-it__base,test_indomain,dimension,student_ai_literacy,48,0.6276595744680851,0.5322916666666667,0.12569444444444444,0.18425608025764928
gemma-4-e4b-it__base,test_indomain,dimension,teaching_learning,92,0.782608695652174,0.602536231884058,0.04057971014492754,0.18286901177174722
gemma-4-e4b-it__base,test_seen_facts,dimension,assessment,12,0.5833333333333334,0.5944444444444444,0.13333333333333333,0.15135601879331773
gemma-4-e4b-it__base,test_seen_facts,dimension,equity_accessibility,25,0.9,0.7053333333333334,0.03666666666666667,0.17283606213256708
gemma-4-e4b-it__base,test_seen_facts,dimension,faculty_readiness,23,0.6304347826086957,0.4579710144927536,0.07536231884057971,0.163706468036999
gemma-4-e4b-it__base,test_seen_facts,dimension,general,30,0.7,0.5822222222222222,0.09111111111111111,0.14693260417129914
gemma-4-e4b-it__base,test_seen_facts,dimension,governance,48,0.7916666666666666,0.6010416666666667,0.051388888888888894,0.16548976898723522
gemma-4-e4b-it__base,test_seen_facts,dimension,leadership_strategy,15,0.6,0.4122222222222222,0.04888888888888889,0.11746151395375429
gemma-4-e4b-it__base,test_seen_facts,dimension,monitoring_improvement,21,0.5476190476190477,0.3825396825396825,0.12222222222222223,0.14078154762355402
gemma-4-e4b-it__base,test_seen_facts,dimension,privacy_security,19,0.6578947368421053,0.5026315789473684,0.07192982456140351,0.1566671976652185
gemma-4-e4b-it__base,test_seen_facts,dimension,procurement_technology,10,0.7,0.47833333333333333,0.02,0.13151380402233975
gemma-4-e4b-it__base,test_seen_facts,dimension,student_ai_literacy,25,0.52,0.38933333333333336,0.06,0.15323767438648953
gemma-4-e4b-it__base,test_seen_facts,dimension,teaching_learning,51,0.5980392156862745,0.5480392156862745,0.0326797385620915,0.135228695297929
gemma-4-e4b-it__base,test_trained_exact,dimension,assessment,24,0.6041666666666666,0.4979166666666666,0.08819444444444445,0.17012034881648022
gemma-4-e4b-it__base,test_trained_exact,dimension,equity_accessibility,45,0.9,0.6203703703703703,0.04888888888888889,0.18135454578484883
gemma-4-e4b-it__base,test_trained_exact,dimension,faculty_readiness,37,0.6486486486486487,0.5297297297297298,0.11891891891891893,0.20165088086611885
gemma-4-e4b-it__base,test_trained_exact,dimension,general,57,0.7368421052631579,0.6558479532163742,0.0871345029239766,0.18248687048309056
gemma-4-e4b-it__base,test_trained_exact,dimension,governance,86,0.7093023255813954,0.6131782945736434,0.04263565891472868,0.18048317509864623
gemma-4-e4b-it__base,test_trained_exact,dimension,leadership_strategy,26,0.6346153846153846,0.4814102564102564,0.052564102564102565,0.15018371452549284
gemma-4-e4b-it__base,test_trained_exact,dimension,monitoring_improvement,36,0.625,0.5291666666666667,0.12175925925925928,0.14806109077176927
gemma-4-e4b-it__base,test_trained_exact,dimension,privacy_security,34,0.75,0.5372549019607843,0.07450980392156863,0.1680556316407638
gemma-4-e4b-it__base,test_trained_exact,dimension,procurement_technology,16,0.6875,0.44166666666666665,0.15833333333333333,0.13611938236497137
gemma-4-e4b-it__base,test_trained_exact,dimension,student_ai_literacy,46,0.5869565217391305,0.4677536231884058,0.053260869565217396,0.19940153004557
gemma-4-e4b-it__base,test_trained_exact,dimension,teaching_learning,93,0.7150537634408602,0.571146953405018,0.06379928315412187,0.1588785251674573
gemma-4-e4b-it__concise40,test_heldout_docs,dimension,assessment,29,0.46551724137931033,0.2752873563218391,0.07471264367816091,0.2472864154725489
gemma-4-e4b-it__concise40,test_heldout_docs,dimension,equity_accessibility,62,0.6451612903225806,0.35645161290322586,0.07849462365591398,0.2742051193301501
gemma-4-e4b-it__concise40,test_heldout_docs,dimension,faculty_readiness,6,0.6666666666666666,0.4083333333333334,0.16666666666666666,0.23119190851004312
gemma-4-e4b-it__concise40,test_heldout_docs,dimension,general,63,0.6587301587301587,0.44523809523809527,0.0626984126984127,0.30448450536578103
gemma-4-e4b-it__concise40,test_heldout_docs,dimension,governance,79,0.5949367088607594,0.40949367088607597,0.07025316455696203,0.28427754241839376
gemma-4-e4b-it__concise40,test_heldout_docs,dimension,leadership_strategy,26,0.36538461538461536,0.16794871794871793,0.03205128205128205,0.23011734275071083
gemma-4-e4b-it__concise40,test_heldout_docs,dimension,monitoring_improvement,31,0.5,0.278494623655914,0.14784946236559138,0.2722250209536475
gemma-4-e4b-it__concise40,test_heldout_docs,dimension,privacy_security,36,0.7083333333333334,0.4833333333333333,0.027777777777777776,0.27351830112969755
gemma-4-e4b-it__concise40,test_heldout_docs,dimension,procurement_technology,26,0.46153846153846156,0.19743589743589743,0.03205128205128205,0.2814916021945751
gemma-4-e4b-it__concise40,test_heldout_docs,dimension,student_ai_literacy,27,0.4444444444444444,0.24074074074074073,0.09691358024691359,0.26615278314636315
gemma-4-e4b-it__concise40,test_heldout_docs,dimension,teaching_learning,115,0.5347826086956522,0.31695652173913047,0.056666666666666664,0.2769032045318544
gemma-4-e4b-it__concise40,test_indomain,dimension,assessment,30,0.6833333333333333,0.3888888888888889,0.05277777777777778,0.2516940187408411
gemma-4-e4b-it__concise40,test_indomain,dimension,equity_accessibility,37,0.6621621621621622,0.4036036036036036,0.045495495495495496,0.2874596631969657
gemma-4-e4b-it__concise40,test_indomain,dimension,faculty_readiness,45,0.4666666666666667,0.29629629629629634,0.12703703703703703,0.27506890619327534
gemma-4-e4b-it__concise40,test_indomain,dimension,general,60,0.55,0.3744444444444444,0.1113888888888889,0.30612494689555436
gemma-4-e4b-it__concise40,test_indomain,dimension,governance,81,0.6604938271604939,0.41481481481481486,0.05164609053497943,0.2880842633552753
gemma-4-e4b-it__concise40,test_indomain,dimension,leadership_strategy,32,0.625,0.3572916666666667,0.035416666666666666,0.268590933446516
gemma-4-e4b-it__concise40,test_indomain,dimension,monitoring_improvement,26,0.5961538461538461,0.2743589743589744,0.06346153846153846,0.2975860801276149
gemma-4-e4b-it__concise40,test_indomain,dimension,privacy_security,30,0.7,0.4555555555555556,0.01111111111111111,0.2853240503293467
gemma-4-e4b-it__concise40,test_indomain,dimension,procurement_technology,19,0.39473684210526316,0.19210526315789472,0.03684210526315789,0.27784051145502653
gemma-4-e4b-it__concise40,test_indomain,dimension,student_ai_literacy,48,0.53125,0.3829861111111111,0.10590277777777779,0.3137310104287347
gemma-4-e4b-it__concise40,test_indomain,dimension,teaching_learning,92,0.6032608695652174,0.3628623188405797,0.053260869565217396,0.2814966237307872
gemma-4-e4b-it__concise40,test_seen_facts,dimension,assessment,12,0.5833333333333334,0.39166666666666666,0.19444444444444445,0.24851015520374387
gemma-4-e4b-it__concise40,test_seen_facts,dimension,equity_accessibility,25,0.78,0.51,0.05,0.22971253425674867
gemma-4-e4b-it__concise40,test_seen_facts,dimension,faculty_readiness,23,0.5217391304347826,0.3079710144927536,0.055797101449275355,0.2811025851250224
gemma-4-e4b-it__concise40,test_seen_facts,dimension,general,30,0.6333333333333333,0.47555555555555556,0.13444444444444445,0.307078962444207
gemma-4-e4b-it__concise40,test_seen_facts,dimension,governance,48,0.5625,0.26215277777777773,0.06527777777777778,0.24185540651851642
gemma-4-e4b-it__concise40,test_seen_facts,dimension,leadership_strategy,15,0.5333333333333333,0.20222222222222222,0.04444444444444444,0.2097973141816881
gemma-4-e4b-it__concise40,test_seen_facts,dimension,monitoring_improvement,21,0.5238095238095238,0.1626984126984127,0.0761904761904762,0.2353513175216029
gemma-4-e4b-it__concise40,test_seen_facts,dimension,privacy_security,19,0.6578947368421053,0.312280701754386,0.03508771929824561,0.2506353147688632
gemma-4-e4b-it__concise40,test_seen_facts,dimension,procurement_technology,10,0.45,0.265,0.045,0.21145292464267446
gemma-4-e4b-it__concise40,test_seen_facts,dimension,student_ai_literacy,25,0.56,0.26466666666666666,0.14533333333333334,0.23000608135328304
gemma-4-e4b-it__concise40,test_seen_facts,dimension,teaching_learning,51,0.6176470588235294,0.22418300653594772,0.04607843137254902,0.24389099043560047
gemma-4-e4b-it__concise40,test_trained_exact,dimension,assessment,24,0.5416666666666666,0.2916666666666667,0.14722222222222223,0.28476834640211457
gemma-4-e4b-it__concise40,test_trained_exact,dimension,equity_accessibility,45,0.6666666666666666,0.38925925925925925,0.042222222222222223,0.2561365600571954
gemma-4-e4b-it__concise40,test_trained_exact,dimension,faculty_readiness,37,0.5135135135135135,0.2608108108108108,0.11126126126126128,0.31503525990225045
gemma-4-e4b-it__concise40,test_trained_exact,dimension,general,57,0.6403508771929824,0.493859649122807,0.11578947368421053,0.35529713273515884
gemma-4-e4b-it__concise40,test_trained_exact,dimension,governance,86,0.5406976744186046,0.30348837209302326,0.06007751937984496,0.2835231463881665
gemma-4-e4b-it__concise40,test_trained_exact,dimension,leadership_strategy,26,0.5192307692307693,0.22435897435897434,0.04935897435897436,0.25268230342475106
gemma-4-e4b-it__concise40,test_trained_exact,dimension,monitoring_improvement,36,0.4583333333333333,0.2351851851851852,0.1138888888888889,0.25986928870166476
gemma-4-e4b-it__concise40,test_trained_exact,dimension,privacy_security,34,0.6029411764705882,0.35000000000000003,0.06715686274509804,0.279006066401705
gemma-4-e4b-it__concise40,test_trained_exact,dimension,procurement_technology,16,0.46875,0.2375,0.03333333333333333,0.28077466955451613
gemma-4-e4b-it__concise40,test_trained_exact,dimension,student_ai_literacy,46,0.44565217391304346,0.24963768115942028,0.1246376811594203,0.31618547748809794
gemma-4-e4b-it__concise40,test_trained_exact,dimension,teaching_learning,93,0.532258064516129,0.303584229390681,0.06021505376344086,0.2728475849921946
llama-3.1-8b-instruct__base,test_heldout_docs,dimension,assessment,29,0.3793103448275862,0.3936781609195402,0.06551724137931034,0.1541110325062886
llama-3.1-8b-instruct__base,test_heldout_docs,dimension,equity_accessibility,62,0.6774193548387096,0.5521505376344086,0.1239247311827957,0.1964685841979624
llama-3.1-8b-instruct__base,test_heldout_docs,dimension,faculty_readiness,6,0.3333333333333333,0.5083333333333333,0.08333333333333333,0.1802908578761858
llama-3.1-8b-instruct__base,test_heldout_docs,dimension,general,63,0.6349206349206349,0.5608465608465609,0.11798941798941799,0.17882462513586142
llama-3.1-8b-instruct__base,test_heldout_docs,dimension,governance,79,0.5961538461538461,0.5508438818565401,0.11983122362869199,0.17850340900545325
llama-3.1-8b-instruct__base,test_heldout_docs,dimension,leadership_strategy,26,0.38461538461538464,0.3301282051282052,0.1455128205128205,0.1538626759773765
llama-3.1-8b-instruct__base,test_heldout_docs,dimension,monitoring_improvement,31,0.46774193548387094,0.4682795698924731,0.16344086021505375,0.177830910392292
llama-3.1-8b-instruct__base,test_heldout_docs,dimension,privacy_security,36,0.6944444444444444,0.7055555555555555,0.016666666666666666,0.1834283620191359
llama-3.1-8b-instruct__base,test_heldout_docs,dimension,procurement_technology,26,0.46,0.37884615384615383,0.08653846153846154,0.20431849044439515
llama-3.1-8b-instruct__base,test_heldout_docs,dimension,student_ai_literacy,27,0.3888888888888889,0.295679012345679,0.13827160493827162,0.1743164558186278
llama-3.1-8b-instruct__base,test_heldout_docs,dimension,teaching_learning,115,0.4605263157894737,0.4584057971014493,0.06550724637681159,0.17735398908328945
llama-3.1-8b-instruct__base,test_indomain,dimension,assessment,30,0.6833333333333333,0.5005555555555555,0.03333333333333333,0.1853760998867167
llama-3.1-8b-instruct__base,test_indomain,dimension,equity_accessibility,37,0.7432432432432432,0.6391891891891891,0.044144144144144144,0.1702396082802659
llama-3.1-8b-instruct__base,test_indomain,dimension,faculty_readiness,45,0.43333333333333335,0.4551851851851852,0.10851851851851851,0.1762090393759009
llama-3.1-8b-instruct__base,test_indomain,dimension,general,60,0.5666666666666667,0.5269444444444444,0.19,0.18270264000208503
llama-3.1-8b-instruct__base,test_indomain,dimension,governance,81,0.5864197530864198,0.6006172839506173,0.07818930041152262,0.18338889476670756
llama-3.1-8b-instruct__base,test_indomain,dimension,leadership_strategy,32,0.53125,0.5822916666666667,0.059375,0.189876747716769
llama-3.1-8b-instruct__base,test_indomain,dimension,monitoring_improvement,26,0.5576923076923077,0.5076923076923077,0.06538461538461539,0.1773235808867313
llama-3.1-8b-instruct__base,test_indomain,dimension,privacy_security,30,0.6896551724137931,0.6222222222222222,0.056666666666666664,0.17460605162389786
llama-3.1-8b-instruct__base,test_indomain,dimension,procurement_technology,19,0.4473684210526316,0.42105263157894735,0.17894736842105263,0.17335944129895955
llama-3.1-8b-instruct__base,test_indomain,dimension,student_ai_literacy,48,0.4375,0.4993055555555556,0.11805555555555557,0.18505444260059686
llama-3.1-8b-instruct__base,test_indomain,dimension,teaching_learning,92,0.6195652173913043,0.6070652173913044,0.06231884057971015,0.189806440256154
llama-3.1-8b-instruct__base,test_seen_facts,dimension,assessment,12,0.4583333333333333,0.5222222222222223,0.11666666666666665,0.14666471330576122
llama-3.1-8b-instruct__base,test_seen_facts,dimension,equity_accessibility,25,0.72,0.644,0.0,0.16716222830030458
llama-3.1-8b-instruct__base,test_seen_facts,dimension,faculty_readiness,23,0.41304347826086957,0.4384057971014493,0.1782608695652174,0.1696561458046628
llama-3.1-8b-instruct__base,test_seen_facts,dimension,general,30,0.5833333333333334,0.5677777777777777,0.14166666666666666,0.18135934624054123
llama-3.1-8b-instruct__base,test_seen_facts,dimension,governance,48,0.5104166666666666,0.5559027777777777,0.04861111111111111,0.15365547540178778
llama-3.1-8b-instruct__base,test_seen_facts,dimension,leadership_strategy,15,0.6,0.4066666666666666,0.09333333333333332,0.128274300196969
llama-3.1-8b-instruct__base,test_seen_facts,dimension,monitoring_improvement,21,0.4523809523809524,0.40793650793650793,0.11587301587301588,0.15206165721955195
llama-3.1-8b-instruct__base,test_seen_facts,dimension,privacy_security,19,0.5789473684210527,0.45526315789473687,0.0456140350877193,0.15552301172941552
llama-3.1-8b-instruct__base,test_seen_facts,dimension,procurement_technology,10,0.5,0.5,0.02,0.12559067666275808
llama-3.1-8b-instruct__base,test_seen_facts,dimension,student_ai_literacy,25,0.46,0.32466666666666666,0.096,0.14460690112948316
llama-3.1-8b-instruct__base,test_seen_facts,dimension,teaching_learning,51,0.4803921568627451,0.5140522875816994,0.07450980392156863,0.14656687507477772
llama-3.1-8b-instruct__base,test_trained_exact,dimension,assessment,24,0.5208333333333334,0.43472222222222223,0.1840277777777778,0.17494130137628416
llama-3.1-8b-instruct__base,test_trained_exact,dimension,equity_accessibility,45,0.7,0.6059259259259259,0.052592592592592594,0.17209472310923488
llama-3.1-8b-instruct__base,test_trained_exact,dimension,faculty_readiness,37,0.4864864864864865,0.5252252252252252,0.09549549549549549,0.21642703037141384
llama-3.1-8b-instruct__base,test_trained_exact,dimension,general,57,0.6228070175438597,0.6435672514619882,0.07602339181286549,0.19105457130695597
llama-3.1-8b-instruct__base,test_trained_exact,dimension,governance,86,0.5523255813953488,0.46918604651162793,0.10465116279069768,0.17716073472800928
llama-3.1-8b-instruct__base,test_trained_exact,dimension,leadership_strategy,26,0.5769230769230769,0.4807692307692308,0.04615384615384615,0.16271360798552764
llama-3.1-8b-instruct__base,test_trained_exact,dimension,monitoring_improvement,36,0.4444444444444444,0.5037037037037037,0.1537037037037037,0.159003505752112
llama-3.1-8b-instruct__base,test_trained_exact,dimension,privacy_security,34,0.5588235294117647,0.5240196078431373,0.10441176470588236,0.18524609315900686
llama-3.1-8b-instruct__base,test_trained_exact,dimension,procurement_technology,16,0.4375,0.38958333333333334,0.165625,0.15406234218717701
llama-3.1-8b-instruct__base,test_trained_exact,dimension,student_ai_literacy,46,0.5,0.42210144927536236,0.11521739130434783,0.19627294435699608
llama-3.1-8b-instruct__base,test_trained_exact,dimension,teaching_learning,93,0.5483870967741935,0.5401433691756272,0.08512544802867383,0.1689123109990287
llama-3.1-8b-instruct__concise40,test_heldout_docs,dimension,assessment,29,0.39655172413793105,0.28390804597701147,0.07873563218390804,0.2768706032471688
llama-3.1-8b-instruct__concise40,test_heldout_docs,dimension,equity_accessibility,62,0.6209677419354839,0.40188172043010756,0.10591397849462365,0.33391694651236414
llama-3.1-8b-instruct__concise40,test_heldout_docs,dimension,faculty_readiness,6,0.4166666666666667,0.39999999999999997,0.03333333333333333,0.23999903968715983
llama-3.1-8b-instruct__concise40,test_heldout_docs,dimension,general,63,0.6111111111111112,0.505026455026455,0.10555555555555556,0.33028168243669886
llama-3.1-8b-instruct__concise40,test_heldout_docs,dimension,governance,79,0.5316455696202531,0.4679324894514768,0.09894514767932489,0.32943462833172543
llama-3.1-8b-instruct__concise40,test_heldout_docs,dimension,leadership_strategy,26,0.40384615384615385,0.23076923076923078,0.08333333333333333,0.2583808941351405
llama-3.1-8b-instruct__concise40,test_heldout_docs,dimension,monitoring_improvement,31,0.4838709677419355,0.3365591397849462,0.15483870967741936,0.3147297384041615
llama-3.1-8b-instruct__concise40,test_heldout_docs,dimension,privacy_security,36,0.6527777777777778,0.5074074074074074,0.05416666666666667,0.32069684064062265
llama-3.1-8b-instruct__concise40,test_heldout_docs,dimension,procurement_technology,26,0.38461538461538464,0.2602564102564103,0.05448717948717948,0.2878996236638459
llama-3.1-8b-instruct__concise40,test_heldout_docs,dimension,student_ai_literacy,27,0.37037037037037035,0.154320987654321,0.2,0.30605697123192704
llama-3.1-8b-instruct__concise40,test_heldout_docs,dimension,teaching_learning,115,0.4434782608695652,0.32507246376811594,0.10289855072463769,0.30170649015228856
llama-3.1-8b-instruct__concise40,test_indomain,dimension,assessment,30,0.65,0.40888888888888886,0.0761111111111111,0.31648211653976605
llama-3.1-8b-instruct__concise40,test_indomain,dimension,equity_accessibility,37,0.581081081081081,0.40675675675675677,0.05495495495495495,0.3200120183165742
llama-3.1-8b-instruct__concise40,test_indomain,dimension,faculty_readiness,45,0.37777777777777777,0.3625925925925926,0.14703703703703705,0.30705097347010035
llama-3.1-8b-instruct__concise40,test_indomain,dimension,general,60,0.5166666666666667,0.3972222222222222,0.15833333333333333,0.32852231822521605
llama-3.1-8b-instruct__concise40,test_indomain,dimension,governance,81,0.5370370370370371,0.4662551440329218,0.08991769547325103,0.32105554307697737
llama-3.1-8b-instruct__concise40,test_indomain,dimension,leadership_strategy,32,0.453125,0.41458333333333336,0.078125,0.32701372029876763
llama-3.1-8b-instruct__concise40,test_indomain,dimension,monitoring_improvement,26,0.5384615384615384,0.4115384615384615,0.041666666666666664,0.32896677751673525
llama-3.1-8b-instruct__concise40,test_indomain,dimension,privacy_security,30,0.5833333333333334,0.52,0.0861111111111111,0.3132995585545348
llama-3.1-8b-instruct__concise40,test_indomain,dimension,procurement_technology,19,0.5,0.31315789473684214,0.1105263157894737,0.32187994673798503
llama-3.1-8b-instruct__concise40,test_indomain,dimension,student_ai_literacy,48,0.3645833333333333,0.3847222222222222,0.1722222222222222,0.3298169559152059
llama-3.1-8b-instruct__concise40,test_indomain,dimension,teaching_learning,92,0.5380434782608695,0.4327898550724638,0.07318840579710145,0.3240885231290239
llama-3.1-8b-instruct__concise40,test_seen_facts,dimension,assessment,12,0.5416666666666666,0.45694444444444443,0.09444444444444444,0.27367670321174853
llama-3.1-8b-instruct__concise40,test_seen_facts,dimension,equity_accessibility,25,0.68,0.5606666666666666,0.021333333333333333,0.24923454709042553
llama-3.1-8b-instruct__concise40,test_seen_facts,dimension,faculty_readiness,23,0.4782608695652174,0.22753623188405797,0.186231884057971,0.2942220432019762
llama-3.1-8b-instruct__concise40,test_seen_facts,dimension,general,30,0.5833333333333334,0.45555555555555555,0.21722222222222223,0.3139210466613232
llama-3.1-8b-instruct__concise40,test_seen_facts,dimension,governance,48,0.5520833333333334,0.39687500000000003,0.08645833333333335,0.2809381386507608
llama-3.1-8b-instruct__concise40,test_seen_facts,dimension,leadership_strategy,15,0.5,0.25,0.13999999999999999,0.23522455216255747
llama-3.1-8b-instruct__concise40,test_seen_facts,dimension,monitoring_improvement,21,0.5,0.21507936507936506,0.09444444444444444,0.2370975280313657
llama-3.1-8b-instruct__concise40,test_seen_facts,dimension,privacy_security,19,0.5263157894736842,0.3263157894736842,0.0456140350877193,0.27021624006034367
llama-3.1-8b-instruct__concise40,test_seen_facts,dimension,procurement_technology,10,0.35,0.16333333333333333,0.12833333333333333,0.21791356642345727
llama-3.1-8b-instruct__concise40,test_seen_facts,dimension,student_ai_literacy,25,0.46,0.27399999999999997,0.16266666666666665,0.2524242507491963
llama-3.1-8b-instruct__concise40,test_seen_facts,dimension,teaching_learning,51,0.5196078431372549,0.37189542483660126,0.10294117647058823,0.24827305665337437
llama-3.1-8b-instruct__concise40,test_trained_exact,dimension,assessment,24,0.4791666666666667,0.3166666666666667,0.12361111111111112,0.299835941827484
llama-3.1-8b-instruct__concise40,test_trained_exact,dimension,equity_accessibility,45,0.6444444444444445,0.41962962962962963,0.10333333333333335,0.3148455188971164
llama-3.1-8b-instruct__concise40,test_trained_exact,dimension,faculty_readiness,37,0.47297297297297297,0.3747747747747748,0.13333333333333333,0.3715282204841998
llama-3.1-8b-instruct__concise40,test_trained_exact,dimension,general,57,0.5350877192982456,0.5251461988304094,0.19444444444444445,0.36667468501678824
llama-3.1-8b-instruct__concise40,test_trained_exact,dimension,governance,86,0.4883720930232558,0.4015503875968992,0.08565891472868216,0.32737076161359185
llama-3.1-8b-instruct__concise40,test_trained_exact,dimension,leadership_strategy,26,0.46153846153846156,0.2326923076923077,0.125,0.2988927288161103
llama-3.1-8b-instruct__concise40,test_trained_exact,dimension,monitoring_improvement,36,0.4583333333333333,0.3125,0.08703703703703704,0.3057144984716322
llama-3.1-8b-instruct__concise40,test_trained_exact,dimension,privacy_security,34,0.4852941176470588,0.3730392156862745,0.06911764705882353,0.31108472836558565
llama-3.1-8b-instruct__concise40,test_trained_exact,dimension,procurement_technology,16,0.34375,0.24270833333333333,0.13645833333333335,0.29301112247257377
llama-3.1-8b-instruct__concise40,test_trained_exact,dimension,student_ai_literacy,46,0.3804347826086957,0.3322463768115942,0.13442028985507246,0.3319445087594319
llama-3.1-8b-instruct__concise40,test_trained_exact,dimension,teaching_learning,93,0.43548387096774194,0.3295698924731183,0.11093189964157706,0.3043353983999464
qwen3-8b__base,test_heldout_docs,dimension,assessment,29,0.5,0.432183908045977,0.10632183908045977,0.23319796796880188
qwen3-8b__base,test_heldout_docs,dimension,equity_accessibility,62,0.75,0.5723118279569893,0.11182795698924732,0.27266612207937185
qwen3-8b__base,test_heldout_docs,dimension,faculty_readiness,6,0.5833333333333334,0.5916666666666667,0.11666666666666665,0.26252416425603226
qwen3-8b__base,test_heldout_docs,dimension,general,63,0.753968253968254,0.582010582010582,0.07724867724867725,0.2662557456520865
qwen3-8b__base,test_heldout_docs,dimension,governance,79,0.7088607594936709,0.6010548523206751,0.07215189873417721,0.24441047585106285
qwen3-8b__base,test_heldout_docs,dimension,leadership_strategy,26,0.46153846153846156,0.36025641025641025,0.12179487179487179,0.22568543275962305
qwen3-8b__base,test_heldout_docs,dimension,monitoring_improvement,31,0.5645161290322581,0.45483870967741935,0.16505376344086023,0.24518686221008973
qwen3-8b__base,test_heldout_docs,dimension,privacy_security,36,0.7777777777777778,0.6930555555555555,0.041666666666666664,0.2703772783201822
qwen3-8b__base,test_heldout_docs,dimension,procurement_technology,26,0.5576923076923077,0.3685897435897436,0.03205128205128205,0.2638149144730074
qwen3-8b__base,test_heldout_docs,dimension,student_ai_literacy,27,0.5925925925925926,0.4469135802469136,0.145679012345679,0.28472221648291074
qwen3-8b__base,test_heldout_docs,dimension,teaching_learning,115,0.5652173913043478,0.46202898550724636,0.07231884057971014,0.26499154112276085
qwen3-8b__base,test_indomain,dimension,assessment,30,0.7166666666666667,0.6155555555555556,0.065,0.27174248526160283
qwen3-8b__base,test_indomain,dimension,equity_accessibility,37,0.7432432432432432,0.6054054054054053,0.05,0.24316756362594777
qwen3-8b__base,test_indomain,dimension,faculty_readiness,45,0.4888888888888889,0.44851851851851854,0.16481481481481483,0.2554967036671808
qwen3-8b__base,test_indomain,dimension,general,60,0.6666666666666666,0.5641666666666667,0.16833333333333333,0.27352733255257894
qwen3-8b__base,test_indomain,dimension,governance,81,0.7160493827160493,0.608641975308642,0.07160493827160494,0.2524240384513613
qwen3-8b__base,test_indomain,dimension,leadership_strategy,32,0.703125,0.5838541666666667,0.0578125,0.27727228250123775
qwen3-8b__base,test_indomain,dimension,monitoring_improvement,26,0.6923076923076923,0.5512820512820513,0.04615384615384615,0.2656257001788969
qwen3-8b__base,test_indomain,dimension,privacy_security,30,0.7833333333333333,0.6572222222222223,0.01111111111111111,0.2534904128529855
qwen3-8b__base,test_indomain,dimension,procurement_technology,19,0.5263157894736842,0.42017543859649126,0.08947368421052632,0.2565724004722937
qwen3-8b__base,test_indomain,dimension,student_ai_literacy,48,0.5625,0.5215277777777777,0.19756944444444444,0.26135026065516315
qwen3-8b__base,test_indomain,dimension,teaching_learning,92,0.7010869565217391,0.5672101449275363,0.0693840579710145,0.2834021157334127
qwen3-8b__base,test_seen_facts,dimension,assessment,12,0.5416666666666666,0.4611111111111111,0.2222222222222222,0.19653979480059483
qwen3-8b__base,test_seen_facts,dimension,equity_accessibility,25,0.9,0.6459999999999999,0.09666666666666666,0.22801579983271256
qwen3-8b__base,test_seen_facts,dimension,faculty_readiness,23,0.5869565217391305,0.5123188405797101,0.11014492753623188,0.229450974732065
qwen3-8b__base,test_seen_facts,dimension,general,30,0.7166666666666667,0.6066666666666667,0.18444444444444444,0.23367625241935747
qwen3-8b__base,test_seen_facts,dimension,governance,48,0.6666666666666666,0.5732638888888889,0.0625,0.2228735767813311
qwen3-8b__base,test_seen_facts,dimension,leadership_strategy,15,0.6333333333333333,0.44333333333333336,0.09777777777777778,0.1972818821800325
qwen3-8b__base,test_seen_facts,dimension,monitoring_improvement,21,0.5,0.35634920634920636,0.1492063492063492,0.19066492766436394
qwen3-8b__base,test_seen_facts,dimension,privacy_security,19,0.631578947368421,0.4956140350877193,0.11929824561403508,0.19794872806322145
qwen3-8b__base,test_seen_facts,dimension,procurement_technology,10,0.6,0.475,0.09,0.19287398413307028
qwen3-8b__base,test_seen_facts,dimension,student_ai_literacy,25,0.56,0.41733333333333333,0.11,0.2028810851712863
qwen3-8b__base,test_seen_facts,dimension,teaching_learning,51,0.6470588235294118,0.54640522875817,0.06732026143790851,0.2077587717106001
qwen3-8b__base,test_trained_exact,dimension,assessment,24,0.5625,0.44166666666666665,0.16527777777777777,0.2514681248856796
qwen3-8b__base,test_trained_exact,dimension,equity_accessibility,45,0.8111111111111111,0.6185185185185185,0.052592592592592594,0.25409919052292923
qwen3-8b__base,test_trained_exact,dimension,faculty_readiness,37,0.5945945945945946,0.5594594594594594,0.14144144144144144,0.31350995357058087
qwen3-8b__base,test_trained_exact,dimension,general,57,0.7280701754385965,0.6611111111111112,0.12719298245614036,0.28364515386279526
qwen3-8b__base,test_trained_exact,dimension,governance,86,0.6802325581395349,0.5808139534883722,0.05155038759689923,0.267437062482611
qwen3-8b__base,test_trained_exact,dimension,leadership_strategy,26,0.6538461538461539,0.4641025641025641,0.11666666666666667,0.24865247241529295
qwen3-8b__base,test_trained_exact,dimension,monitoring_improvement,36,0.5833333333333334,0.524537037037037,0.07037037037037036,0.22567482668174868
qwen3-8b__base,test_trained_exact,dimension,privacy_security,34,0.7058823529411765,0.5622549019607843,0.054411764705882354,0.241451005454739
qwen3-8b__base,test_trained_exact,dimension,procurement_technology,16,0.5625,0.4739583333333333,0.06145833333333334,0.23043484155159946
qwen3-8b__base,test_trained_exact,dimension,student_ai_literacy,46,0.5869565217391305,0.48731884057971014,0.1358695652173913,0.32096549630292787
qwen3-8b__base,test_trained_exact,dimension,teaching_learning,93,0.6290322580645161,0.5637992831541219,0.0906810035842294,0.25179301083140576
qwen3-8b__concise40,test_heldout_docs,dimension,assessment,29,0.46551724137931033,0.3160919540229885,0.07988505747126436,0.2543276915648731
qwen3-8b__concise40,test_heldout_docs,dimension,equity_accessibility,62,0.6612903225806451,0.3838709677419355,0.12580645161290321,0.2993729337395868
qwen3-8b__concise40,test_heldout_docs,dimension,faculty_readiness,6,0.5833333333333334,0.27499999999999997,0.16666666666666666,0.21120983660262005
qwen3-8b__concise40,test_heldout_docs,dimension,general,63,0.6507936507936508,0.4365079365079365,0.09417989417989418,0.3226375360605246
qwen3-8b__concise40,test_heldout_docs,dimension,governance,79,0.620253164556962,0.45759493670886076,0.07447257383966244,0.3092979104327542
qwen3-8b__concise40,test_heldout_docs,dimension,leadership_strategy,26,0.34615384615384615,0.1737179487179487,0.12307692307692308,0.24499709052566518
qwen3-8b__concise40,test_heldout_docs,dimension,monitoring_improvement,31,0.5,0.3241935483870968,0.17204301075268816,0.2954416278260642
qwen3-8b__concise40,test_heldout_docs,dimension,privacy_security,36,0.7222222222222222,0.5287037037037038,0.022222222222222223,0.32327181920818154
qwen3-8b__concise40,test_heldout_docs,dimension,procurement_technology,26,0.40384615384615385,0.21153846153846154,0.06217948717948718,0.3010325349425441
qwen3-8b__concise40,test_heldout_docs,dimension,student_ai_literacy,27,0.37037037037037035,0.17407407407407408,0.1345679012345679,0.29608343000057163
qwen3-8b__concise40,test_heldout_docs,dimension,teaching_learning,115,0.47391304347826085,0.2723188405797101,0.09565217391304348,0.26777054438644365
qwen3-8b__concise40,test_indomain,dimension,assessment,30,0.5833333333333334,0.4294444444444444,0.05,0.27379712274573026
qwen3-8b__concise40,test_indomain,dimension,equity_accessibility,37,0.5675675675675675,0.39234234234234233,0.032432432432432434,0.299761220420966
qwen3-8b__concise40,test_indomain,dimension,faculty_readiness,45,0.43333333333333335,0.2574074074074074,0.12962962962962962,0.28469133169445215
qwen3-8b__concise40,test_indomain,dimension,general,60,0.5583333333333333,0.37083333333333335,0.15777777777777777,0.3338358827564409
qwen3-8b__concise40,test_indomain,dimension,governance,81,0.6296296296296297,0.404320987654321,0.07716049382716049,0.2968528469992077
qwen3-8b__concise40,test_indomain,dimension,leadership_strategy,32,0.578125,0.3854166666666667,0.05364583333333333,0.29829951535593613
qwen3-8b__concise40,test_indomain,dimension,monitoring_improvement,26,0.46153846153846156,0.2891025641025641,0.06666666666666667,0.27950980959238103
qwen3-8b__concise40,test_indomain,dimension,privacy_security,30,0.7166666666666667,0.46222222222222226,0.04444444444444444,0.2951336410171852
qwen3-8b__concise40,test_indomain,dimension,procurement_technology,19,0.4473684210526316,0.2157894736842105,0.1807017543859649,0.3213220616230991
qwen3-8b__concise40,test_indomain,dimension,student_ai_literacy,48,0.4375,0.3572916666666666,0.17152777777777775,0.3314235298871547
qwen3-8b__concise40,test_indomain,dimension,teaching_learning,92,0.5434782608695652,0.3652173913043478,0.08043478260869566,0.31340833709151483
qwen3-8b__concise40,test_seen_facts,dimension,assessment,12,0.4166666666666667,0.24722222222222223,0.2333333333333333,0.22468926437486805
qwen3-8b__concise40,test_seen_facts,dimension,equity_accessibility,25,0.76,0.47600000000000003,0.04666666666666666,0.23404633754830514
qwen3-8b__concise40,test_seen_facts,dimension,faculty_readiness,23,0.43478260869565216,0.2811594202898551,0.11014492753623188,0.28324182954706084
qwen3-8b__concise40,test_seen_facts,dimension,general,30,0.6666666666666666,0.4744444444444445,0.13944444444444445,0.3229947962343038
qwen3-8b__concise40,test_seen_facts,dimension,governance,48,0.5729166666666666,0.3541666666666667,0.08194444444444444,0.27902444038634305
qwen3-8b__concise40,test_seen_facts,dimension,leadership_strategy,15,0.6333333333333333,0.18333333333333332,0.09333333333333332,0.23732737822213415
qwen3-8b__concise40,test_seen_facts,dimension,monitoring_improvement,21,0.5,0.2015873015873016,0.06190476190476191,0.23915905102290994
qwen3-8b__concise40,test_seen_facts,dimension,privacy_security,19,0.6052631578947368,0.2973684210526316,0.03508771929824561,0.25508715017959555
qwen3-8b__concise40,test_seen_facts,dimension,procurement_technology,10,0.35,0.18333333333333332,0.095,0.22145741475780617
qwen3-8b__concise40,test_seen_facts,dimension,student_ai_literacy,25,0.58,0.2833333333333333,0.21133333333333332,0.2625030908307563
qwen3-8b__concise40,test_seen_facts,dimension,teaching_learning,51,0.6176470588235294,0.272875816993464,0.09934640522875816,0.25297603949555403
qwen3-8b__concise40,test_trained_exact,dimension,assessment,24,0.4583333333333333,0.34375,0.17847222222222223,0.30390380032329006
qwen3-8b__concise40,test_trained_exact,dimension,equity_accessibility,45,0.6555555555555556,0.4777777777777778,0.04962962962962963,0.3080289036736501
qwen3-8b__concise40,test_trained_exact,dimension,faculty_readiness,37,0.5540540540540541,0.3009009009009009,0.12252252252252252,0.35025489485605
qwen3-8b__concise40,test_trained_exact,dimension,general,57,0.6228070175438597,0.5067251461988304,0.11257309941520467,0.38790037369612096
qwen3-8b__concise40,test_trained_exact,dimension,governance,86,0.5290697674418605,0.31124031007751934,0.07596899224806201,0.3112487011161878
qwen3-8b__concise40,test_trained_exact,dimension,leadership_strategy,26,0.5192307692307693,0.23846153846153847,0.09935897435897435,0.29563258684682037
qwen3-8b__concise40,test_trained_exact,dimension,monitoring_improvement,36,0.4583333333333333,0.22824074074074074,0.07777777777777778,0.287203374737603
qwen3-8b__concise40,test_trained_exact,dimension,privacy_security,34,0.6029411764705882,0.3553921568627451,0.06470588235294118,0.2833057896404211
qwen3-8b__concise40,test_trained_exact,dimension,procurement_technology,16,0.4375,0.184375,0.14479166666666665,0.2529607587202138
qwen3-8b__concise40,test_trained_exact,dimension,student_ai_literacy,46,0.44565217391304346,0.2967391304347826,0.16702898550724637,0.3586896508870626
qwen3-8b__concise40,test_trained_exact,dimension,teaching_learning,93,0.521505376344086,0.31200716845878135,0.06810035842293906,0.31190752070688726
gemma-4-e4b-it__base,test_heldout_docs,difficulty,easy,182,0.5741758241758241,0.5173992673992674,0.10393772893772894,0.1841680747070857
gemma-4-e4b-it__base,test_heldout_docs,difficulty,hard,94,0.7393617021276596,0.46099290780141844,0.04361702127659574,0.1881434391341034
gemma-4-e4b-it__base,test_heldout_docs,difficulty,medium,224,0.7388392857142857,0.5931547619047619,0.043154761904761904,0.16748138549934935
gemma-4-e4b-it__base,test_indomain,difficulty,easy,163,0.6042944785276073,0.5105316973415133,0.12014314928425357,0.17475064038461463
gemma-4-e4b-it__base,test_indomain,difficulty,hard,101,0.7673267326732673,0.5254125412541254,0.06996699669966996,0.18819279923647253
gemma-4-e4b-it__base,test_indomain,difficulty,medium,236,0.8042553191489362,0.6393361581920903,0.05190677966101695,0.1737269243177129
gemma-4-e4b-it__base,test_seen_facts,difficulty,easy,88,0.5681818181818182,0.46325757575757576,0.11818181818181818,0.15364096141417305
gemma-4-e4b-it__base,test_seen_facts,difficulty,hard,60,0.7333333333333333,0.48083333333333333,0.033888888888888885,0.16761799512386755
gemma-4-e4b-it__base,test_seen_facts,difficulty,medium,131,0.7061068702290076,0.5972010178117049,0.038549618320610685,0.14056626407215317
gemma-4-e4b-it__base,test_trained_exact,difficulty,easy,161,0.5527950310559007,0.5146997929606625,0.1346790890269151,0.17996238437920656
gemma-4-e4b-it__base,test_trained_exact,difficulty,hard,106,0.8066037735849056,0.5281446540880503,0.03380503144654088,0.1798406044271414
gemma-4-e4b-it__base,test_trained_exact,difficulty,medium,233,0.7575107296137339,0.6105865522174536,0.04842632331902718,0.16594906827207026
gemma-4-e4b-it__concise40,test_heldout_docs,difficulty,easy,182,0.5164835164835165,0.3912087912087912,0.09304029304029304,0.3125531483334296
gemma-4-e4b-it__concise40,test_heldout_docs,difficulty,hard,94,0.5531914893617021,0.24148936170212765,0.045744680851063826,0.231254033736207
gemma-4-e4b-it__concise40,test_heldout_docs,difficulty,medium,224,0.6071428571428571,0.34605654761904764,0.05662202380952381,0.2642613086802135
gemma-4-e4b-it__concise40,test_indomain,difficulty,easy,163,0.5398773006134969,0.38456032719836397,0.09141104294478528,0.3275803458323845
gemma-4-e4b-it__concise40,test_indomain,difficulty,hard,101,0.6188118811881188,0.26963696369636964,0.05858085808580858,0.22773591519746084
gemma-4-e4b-it__concise40,test_indomain,difficulty,medium,236,0.6228813559322034,0.39717514124293785,0.05437853107344633,0.28388959442391015
gemma-4-e4b-it__concise40,test_seen_facts,difficulty,easy,88,0.48295454545454547,0.3153409090909091,0.10284090909090908,0.26778056454988086
gemma-4-e4b-it__concise40,test_seen_facts,difficulty,hard,60,0.6166666666666667,0.26361111111111113,0.04861111111111111,0.2257792122415433
gemma-4-e4b-it__concise40,test_seen_facts,difficulty,medium,131,0.6603053435114504,0.31221374045801525,0.07201017811704835,0.24469321222773943
gemma-4-e4b-it__concise40,test_trained_exact,difficulty,easy,161,0.43478260869565216,0.32888198757763976,0.14751552795031056,0.335272782222915
gemma-4-e4b-it__concise40,test_trained_exact,difficulty,hard,106,0.5849056603773585,0.2602201257861635,0.024056603773584904,0.24168937888537545
gemma-4-e4b-it__concise40,test_trained_exact,difficulty,medium,233,0.6051502145922747,0.33304721030042916,0.062446351931330475,0.27844127815328484
llama-3.1-8b-instruct__base,test_heldout_docs,difficulty,easy,182,0.4368131868131868,0.4608058608058608,0.17042124542124543,0.1850061183688091
llama-3.1-8b-instruct__base,test_heldout_docs,difficulty,hard,94,0.5659340659340659,0.46347517730496457,0.05372340425531915,0.17410119801981663
llama-3.1-8b-instruct__base,test_heldout_docs,difficulty,medium,224,0.6004464285714286,0.5319940476190477,0.06197916666666666,0.17676006465051097
llama-3.1-8b-instruct__base,test_indomain,difficulty,easy,163,0.48773006134969327,0.5223926380368098,0.16973415132924335,0.18462672885672435
llama-3.1-8b-instruct__base,test_indomain,difficulty,hard,101,0.594059405940594,0.5288778877887789,0.062376237623762376,0.18130290294795398
llama-3.1-8b-instruct__base,test_indomain,difficulty,medium,236,0.6276595744680851,0.5896892655367231,0.048234463276836156,0.18120232992165033
llama-3.1-8b-instruct__base,test_seen_facts,difficulty,easy,88,0.4147727272727273,0.45208333333333334,0.14147727272727273,0.15900067205036125
llama-3.1-8b-instruct__base,test_seen_facts,difficulty,hard,60,0.625,0.4775,0.036388888888888894,0.16379536513732998
llama-3.1-8b-instruct__base,test_seen_facts,difficulty,medium,131,0.5458015267175572,0.5372773536895675,0.06526717557251908,0.14699177274516642
llama-3.1-8b-instruct__base,test_trained_exact,difficulty,easy,161,0.4472049689440994,0.47919254658385096,0.1872670807453416,0.19434980756166842
llama-3.1-8b-instruct__base,test_trained_exact,difficulty,hard,106,0.6273584905660378,0.490251572327044,0.040880503144654086,0.17615477792551185
llama-3.1-8b-instruct__base,test_trained_exact,difficulty,medium,233,0.5901287553648069,0.5552932761087267,0.06573676680972818,0.1698253527497572
llama-3.1-8b-instruct__concise40,test_heldout_docs,difficulty,easy,182,0.45054945054945056,0.3712454212454212,0.1661172161172161,0.3273910097707298
llama-3.1-8b-instruct__concise40,test_heldout_docs,difficulty,hard,94,0.5425531914893617,0.2622340425531915,0.05656028368794326,0.2607426370688169
llama-3.1-8b-instruct__concise40,test_heldout_docs,difficulty,medium,224,0.5357142857142857,0.42470238095238094,0.0693452380952381,0.31863834192935014
llama-3.1-8b-instruct__concise40,test_indomain,difficulty,easy,163,0.4325153374233129,0.4245398773006135,0.1810838445807771,0.33025031137789995
llama-3.1-8b-instruct__concise40,test_indomain,difficulty,hard,101,0.5693069306930693,0.32541254125412544,0.05742574257425742,0.2822563427209668
llama-3.1-8b-instruct__concise40,test_indomain,difficulty,medium,236,0.538135593220339,0.4532485875706215,0.06638418079096045,0.3335168970968096
llama-3.1-8b-instruct__concise40,test_seen_facts,difficulty,easy,88,0.39204545454545453,0.33390151515151517,0.21912878787878787,0.2712006500010611
llama-3.1-8b-instruct__concise40,test_seen_facts,difficulty,hard,60,0.575,0.28888888888888886,0.05444444444444444,0.2500517340758281
llama-3.1-8b-instruct__concise40,test_seen_facts,difficulty,medium,131,0.6030534351145038,0.4019083969465649,0.07340966921119593,0.2680090433161097
llama-3.1-8b-instruct__concise40,test_trained_exact,difficulty,easy,161,0.38198757763975155,0.39658385093167703,0.20973084886128363,0.34037472926010587
llama-3.1-8b-instruct__concise40,test_trained_exact,difficulty,hard,106,0.5235849056603774,0.29685534591194973,0.044968553459119494,0.2958936063269971
llama-3.1-8b-instruct__concise40,test_trained_exact,difficulty,medium,233,0.5236051502145923,0.3832618025751073,0.08533619456366237,0.32452607316587956
qwen3-8b__base,test_heldout_docs,difficulty,easy,182,0.5494505494505495,0.5083333333333333,0.13717948717948716,0.2613228598283019
qwen3-8b__base,test_heldout_docs,difficulty,hard,94,0.6648936170212766,0.4526595744680851,0.06241134751773049,0.24158912146865782
qwen3-8b__base,test_heldout_docs,difficulty,medium,224,0.7075892857142857,0.5529017857142857,0.05944940476190476,0.2646361523986918
qwen3-8b__base,test_indomain,difficulty,easy,163,0.5613496932515337,0.5326175869120654,0.19366053169734151,0.25783691753840837
qwen3-8b__base,test_indomain,difficulty,hard,101,0.7178217821782178,0.5371287128712872,0.06072607260726073,0.25608654389287905
qwen3-8b__base,test_indomain,difficulty,medium,236,0.722457627118644,0.5977401129943503,0.04392655367231638,0.2732586061482238
qwen3-8b__base,test_seen_facts,difficulty,easy,88,0.48863636363636365,0.43200757575757576,0.21799242424242424,0.21753584779169122
qwen3-8b__base,test_seen_facts,difficulty,hard,60,0.7166666666666667,0.47361111111111115,0.07638888888888888,0.2198729995164918
qwen3-8b__base,test_seen_facts,difficulty,medium,131,0.7251908396946565,0.6057251908396946,0.04834605597964376,0.2063329122778285
qwen3-8b__base,test_trained_exact,difficulty,easy,161,0.5031055900621118,0.5138716356107661,0.20476190476190478,0.2780145460070549
qwen3-8b__base,test_trained_exact,difficulty,hard,106,0.7688679245283019,0.5339622641509434,0.017295597484276733,0.254048604411672
qwen3-8b__base,test_trained_exact,difficulty,medium,233,0.7124463519313304,0.6005722460658083,0.04949928469241774,0.262721659024434
qwen3-8b__concise40,test_heldout_docs,difficulty,easy,182,0.47802197802197804,0.3882783882783883,0.164010989010989,0.3349981410969585
qwen3-8b__concise40,test_heldout_docs,difficulty,hard,94,0.5585106382978723,0.2154255319148936,0.06170212765957447,0.23971789841686572
qwen3-8b__concise40,test_heldout_docs,difficulty,medium,224,0.5982142857142857,0.36815476190476193,0.057440476190476195,0.2778685310837172
qwen3-8b__concise40,test_indomain,difficulty,easy,163,0.4754601226993865,0.3721881390593047,0.18558282208588958,0.3461817162018919
qwen3-8b__concise40,test_indomain,difficulty,hard,101,0.594059405940594,0.23250825082508253,0.05297029702970297,0.2508827045624817
qwen3-8b__concise40,test_indomain,difficulty,medium,236,0.5783898305084746,0.4169491525423729,0.05296610169491525,0.3005869229828404
qwen3-8b__concise40,test_seen_facts,difficulty,easy,88,0.45454545454545453,0.3465909090909091,0.22045454545454543,0.2832444418984069
qwen3-8b__concise40,test_seen_facts,difficulty,hard,60,0.6083333333333333,0.20805555555555555,0.043611111111111114,0.24316673968811298
qwen3-8b__concise40,test_seen_facts,difficulty,medium,131,0.6564885496183206,0.34389312977099235,0.055470737913486,0.2575368662508481
qwen3-8b__concise40,test_trained_exact,difficulty,easy,161,0.422360248447205,0.356935817805383,0.19285714285714287,0.372886833820137
qwen3-8b__concise40,test_trained_exact,difficulty,hard,106,0.5943396226415094,0.23977987421383648,0.03050314465408805,0.2679481364465019
qwen3-8b__concise40,test_trained_exact,difficulty,medium,233,0.5901287553648069,0.3680972818311874,0.05851216022889842,0.3080150685556267
