system,family,variant,serving,n,judge_lenient,judge_lenient_lo,judge_lenient_hi,judge_lenient_n,judge_strict,judge_strict_lo,judge_strict_hi,judge_strict_n,hallucination,hallucination_lo,hallucination_hi,hallucination_n,keyfact_recall,keyfact_recall_lo,keyfact_recall_hi,keyfact_recall_n,keyfact_recall_flan,keyfact_recall_flan_lo,keyfact_recall_flan_hi,keyfact_recall_flan_n,contradiction_rate,contradiction_rate_lo,contradiction_rate_hi,contradiction_rate_n,token_f1,token_f1_lo,token_f1_hi,token_f1_n,rouge_l,rouge_l_lo,rouge_l_hi,rouge_l_n,exact_repro,exact_repro_lo,exact_repro_hi,exact_repro_n,answer_words,answer_words_lo,answer_words_hi,answer_words_n
qwen3-8b__base,qwen3-8b,base,match,279,0.6487455197132617,0.6039426523297491,0.6917562724014337,279,0.4623655913978494,0.4014336917562724,0.5197132616487455,279,0.2974910394265233,0.2473118279569892,0.3512544802867383,279,0.522520908004779,0.4787858422939068,0.5648252688172043,279,0.522341696535245,0.4790890083632019,0.5640397252090801,279,0.1078853046594982,0.0803434886499402,0.1358452807646356,279,0.2127783013801214,0.2027787361495725,0.2222591980298004,279,0.1409045129069438,0.133700938546923,0.1488522291844746,279,0.0,0.0,0.0,279,141.84229390681003,134.07249103942652,149.5089605734767,279
qwen3-8b__concise40,qwen3-8b,concise40,match,279,0.5824372759856631,0.543010752688172,0.6218637992831542,279,0.3154121863799283,0.2580645161290322,0.3691756272401433,279,0.2939068100358423,0.2401433691756272,0.3512544802867383,279,0.315531660692951,0.2766412783751494,0.3513978494623654,279,0.3339904420549582,0.2964695340501792,0.3739605734767025,279,0.104958183990442,0.0771176821983273,0.1348924731182795,279,0.2625549990939343,0.2510795834908925,0.273455427952936,279,0.1909896171581499,0.1813401184068411,0.2010681261102251,279,0.0,0.0,0.0,279,25.114695340501797,24.523207885304657,25.724014336917563,279
qwen3-8b__ep1__bf16serve,qwen3-8b,ep1,bf16serve,279,0.5734767025089605,0.5340501792114696,0.6129032258064516,279,0.3046594982078853,0.2508960573476702,0.3584229390681003,279,0.2867383512544803,0.2329749103942652,0.3405017921146953,279,0.3379928315412187,0.2979659498207885,0.3761678614097969,279,0.3677419354838709,0.3249671445639187,0.4081242532855436,279,0.0857228195937873,0.0597356630824372,0.114218936678614,279,0.3355509118087686,0.3214799133699794,0.3513924145436052,279,0.2546679892550582,0.2404523591703341,0.2707496977451037,279,0.010752688172043,0.0,0.025089605734767,279,34.630824372759854,33.15385304659498,36.14695340501792,279
qwen3-8b__ep2__bf16serve,qwen3-8b,ep2,bf16serve,279,0.589605734767025,0.553763440860215,0.6254928315412184,279,0.3010752688172043,0.2508960573476702,0.3584229390681003,279,0.3225806451612903,0.2652329749103942,0.3763440860215054,279,0.4259856630824373,0.3850657108721625,0.4659557945041815,279,0.4305854241338112,0.3892353643966547,0.4718652927120669,279,0.0826164874551971,0.0586603942652329,0.1076015531660692,279,0.3661686958877378,0.3481660040549186,0.3851958607644664,279,0.2827219901757133,0.2639320140578027,0.3032750086527299,279,0.025089605734767,0.007168458781362,0.046594982078853,279,42.34767025089606,40.68817204301075,44.08620071684588,279
qwen3-8b__ep3__bf16serve,qwen3-8b,ep3,bf16serve,279,0.5842293906810035,0.5448028673835126,0.6218637992831542,279,0.3082437275985663,0.2580645161290322,0.3620071684587813,279,0.3405017921146953,0.2867383512544803,0.3978494623655914,279,0.4068100358422939,0.3665442054958184,0.4485663082437275,279,0.4146356033452807,0.372700119474313,0.4558019713261649,279,0.0778375149342891,0.052623954599761,0.1042428315412186,279,0.3568639687461086,0.3385521261786991,0.3761662331049751,279,0.2788150739440246,0.2595076016158875,0.2991003039775385,279,0.025089605734767,0.007168458781362,0.043010752688172,279,42.96415770609319,41.19336917562724,44.79937275985663,279
qwen3-8b__cpt_ep1__bf16serve,qwen3-8b,cpt_ep1,bf16serve,279,0.5752688172043011,0.5340501792114696,0.6182795698924731,279,0.3369175627240143,0.2795698924731182,0.3942652329749104,279,0.2652329749103942,0.2114695340501792,0.3189964157706093,279,0.3333333333333333,0.2908602150537634,0.3741353046594982,279,0.3522700119474313,0.3143832138590203,0.3905630227001194,279,0.0821385902031063,0.057879330943847,0.1090232974910394,279,0.31101489513645,0.297284955225522,0.3248558973197581,279,0.2305460431869229,0.2181307403816179,0.2437760405902023,279,0.003584229390681,0.0,0.010752688172043,279,34.53405017921147,33.16487455197132,35.93216845878136,279
qwen3-8b__ft1run__bf16serve,qwen3-8b,ft1run,bf16serve,279,0.5609318996415771,0.5197132616487455,0.600358422939068,279,0.3082437275985663,0.2544802867383512,0.3620071684587813,279,0.2616487455197133,0.2078853046594982,0.3118279569892473,279,0.3524492234169654,0.3112261051373955,0.391816009557945,279,0.3747311827956989,0.3345788530465949,0.4132616487455197,279,0.0920549581839904,0.0656511350059737,0.1214456391875746,279,0.3256805188320973,0.3113939391731893,0.3407902511833728,279,0.2403745836847386,0.2270137829915775,0.2547365240016353,279,0.010752688172043,0.0,0.025089605734767,279,37.15412186379928,35.465591397849465,38.81012544802867,279
qwen3-8b__seed43_ep1__bf16serve,qwen3-8b,seed43_ep1,bf16serve,279,0.6039426523297491,0.5645161290322581,0.6451612903225806,279,0.3405017921146953,0.2831541218637993,0.3978494623655914,279,0.2222222222222222,0.1720430107526881,0.2759856630824372,279,0.3397252090800478,0.3014321983273596,0.377479091995221,279,0.367921146953405,0.328673835125448,0.4065128434886499,279,0.0850657108721624,0.0585304659498207,0.1129062126642771,279,0.3355856707393332,0.3207727792395963,0.35032423794065,279,0.2541209670499651,0.2397268077044672,0.2694453609574566,279,0.007168458781362,0.0,0.017921146953405,279,35.225806451612904,33.72374551971326,36.79229390681004,279
gemma-4-e4b-it__base,gemma-4-e4b-it,base,match,279,0.6684587813620072,0.6236559139784946,0.7114695340501792,279,0.5161290322580645,0.4587813620071684,0.5734767025089605,279,0.1684587813620071,0.1254480286738351,0.2150537634408602,279,0.5299283154121864,0.4846415770609319,0.5734767025089605,279,0.5391875746714456,0.4949118876941458,0.5804659498207885,279,0.0626642771804062,0.0437873357228195,0.0853046594982078,279,0.1505077595173167,0.1422822306975333,0.1584462843508276,279,0.1009323529187828,0.0949165003764777,0.107218917844801,279,0.0,0.0,0.0,279,237.51971326164875,225.556541218638,249.58781362007167,279
gemma-4-e4b-it__concise40,gemma-4-e4b-it,concise40,match,279,0.5949820788530465,0.553763440860215,0.6344086021505376,279,0.3333333333333333,0.2794802867383512,0.3870967741935484,279,0.1899641577060931,0.1469534050179211,0.2365591397849462,279,0.3027479091995221,0.2637933094384707,0.3392562724014337,279,0.3260454002389486,0.284647550776583,0.3658915770609318,279,0.0767025089605734,0.0546594982078853,0.0992876344086021,279,0.247907717622638,0.2366640581408701,0.2591031814094955,279,0.1793003486938861,0.1701557721939816,0.1888738058063883,279,0.0,0.0,0.0,279,26.63799283154122,26.28306451612903,27.018010752688173,279
gemma-4-e4b-it__ep1__bf16serve,gemma-4-e4b-it,ep1,bf16serve,279,0.5949820788530465,0.5537186379928315,0.6326164874551972,279,0.3440860215053763,0.2903225806451613,0.3979390681003579,279,0.2616487455197133,0.2114695340501792,0.3118279569892473,279,0.3590203106332139,0.3164232377538829,0.4002986857825568,279,0.3821385902031063,0.3411499402628435,0.4231227598566308,279,0.084647550776583,0.0577613500597371,0.1122535842293906,279,0.3397370246940735,0.3255119801133158,0.3556942990737309,279,0.2558177571104212,0.2413408592344793,0.2716877581771861,279,0.014336917562724,0.003584229390681,0.028673835125448,279,34.31541218637993,32.788440860215054,35.85663082437276,279
gemma-4-e4b-it__ep2__bf16serve,gemma-4-e4b-it,ep2,bf16serve,279,0.5985663082437276,0.5555555555555556,0.6397849462365591,279,0.3512544802867383,0.2939068100358423,0.4086021505376344,279,0.2473118279569892,0.1971326164874552,0.2939068100358423,279,0.3859020310633214,0.3447983870967742,0.4253897849462365,279,0.3936081242532855,0.3530376344086021,0.430779569892473,279,0.0897252090800478,0.0632019115890083,0.1173297491039426,279,0.3586454380589012,0.3416880074356319,0.3761981364358044,279,0.2716057442280741,0.2547345714248679,0.2897066840449293,279,0.017921146953405,0.003584229390681,0.03584229390681,279,36.64516129032258,34.924731182795696,38.38001792114695,279
gemma-4-e4b-it__ep3__bf16serve,gemma-4-e4b-it,ep3,bf16serve,279,0.6290322580645161,0.589605734767025,0.6684587813620072,279,0.3763440860215054,0.3189964157706093,0.4336917562724014,279,0.2688172043010752,0.2185483870967742,0.3225806451612903,279,0.4019713261648746,0.3611081242532855,0.4412933094384706,279,0.4146356033452807,0.3731780167264037,0.4535872162485066,279,0.0855436081242532,0.0585991636798088,0.1124865591397849,279,0.3680557935864291,0.3514635570868177,0.3846902432001091,279,0.2794459080035097,0.2621365913784432,0.2979860875048997,279,0.017921146953405,0.003584229390681,0.03584229390681,279,37.58064516129032,36.03566308243728,39.08978494623656,279
gemma-4-e4b-it__cpt_ep1__bf16serve,gemma-4-e4b-it,cpt_ep1,bf16serve,279,0.553763440860215,0.514336917562724,0.5967741935483871,279,0.2831541218637993,0.2293906810035842,0.3369175627240143,279,0.2867383512544803,0.2329749103942652,0.3405017921146953,279,0.3167861409796893,0.2766397849462366,0.3559752090800477,279,0.3550776583034647,0.3154689366786141,0.3949357825567502,279,0.0996415770609319,0.0706063321385902,0.1295773596176821,279,0.3045157347197367,0.2921830652106728,0.3167814390101304,279,0.223720734112915,0.2125296588351375,0.2350491894991989,279,0.003584229390681,0.0,0.010752688172043,279,33.0,31.623476702508963,34.48028673835125,279
gemma-4-e4b-it__ft1run__bf16serve,gemma-4-e4b-it,ft1run,bf16serve,279,0.5842293906810035,0.5448028673835126,0.6254480286738351,279,0.3189964157706093,0.2652329749103942,0.3727598566308244,279,0.2329749103942652,0.1827956989247312,0.2867383512544803,279,0.3501194743130227,0.3109901433691756,0.390089605734767,279,0.4004181600955794,0.3609274193548387,0.4414620669056152,279,0.0804062126642771,0.0553151135005973,0.1067502986857825,279,0.3164341044593288,0.3024397118962082,0.3304447207884126,279,0.2363438967581569,0.2233608783192241,0.2500536266384969,279,0.003584229390681,0.0,0.010752688172043,279,34.49820788530466,33.06084229390681,35.93566308243728,279
gemma-4-e4b-it__seed43_ep1__bf16serve,gemma-4-e4b-it,seed43_ep1,bf16serve,279,0.5716845878136201,0.5286738351254481,0.6129032258064516,279,0.3189964157706093,0.2651433691756272,0.3763440860215054,279,0.2759856630824372,0.2222222222222222,0.3297491039426523,279,0.3600955794504181,0.3194145758661888,0.3998222819593787,279,0.3779569892473118,0.335600358422939,0.4190591397849463,279,0.0749103942652329,0.0523237753882915,0.0992846475507765,279,0.3314574590049731,0.3167881822276709,0.3479852603561696,279,0.2508669296314189,0.2371425053436893,0.2669257870463677,279,0.003584229390681,0.0,0.010752688172043,279,33.6415770609319,32.25403225806451,34.99301075268817,279
llama-3.1-8b-instruct__base,llama-3.1-8b-instruct,base,match,279,0.521505376344086,0.482078853046595,0.5609318996415771,279,0.2544802867383512,0.2043010752688172,0.3046594982078853,279,0.4480286738351254,0.3870967741935484,0.5053763440860215,279,0.4975507765830346,0.4553748506571087,0.5381137992831541,279,0.4832735961768219,0.4390038829151733,0.5257511947431303,279,0.0830943847072879,0.060931899641577,0.1089650537634408,279,0.1543932017142953,0.1459122261941051,0.1632952706123518,279,0.1072973370643296,0.1011515787751046,0.1139655119980395,279,0.0,0.0,0.0,279,227.8530465949821,216.6875448028674,238.68297491039425,279
llama-3.1-8b-instruct__concise40,llama-3.1-8b-instruct,concise40,match,279,0.5304659498207885,0.4910394265232975,0.5716845878136201,279,0.2652329749103942,0.2150537634408602,0.3189964157706093,279,0.4229390681003584,0.3655913978494624,0.4802867383512544,279,0.3561529271206691,0.3154047192353644,0.3950462962962963,279,0.3752688172043011,0.3321953405017921,0.4162485065710872,279,0.1152927120669056,0.086021505376344,0.1459423536439665,279,0.2651539280252811,0.25373073248152,0.2758041097738473,279,0.1856185003458832,0.1768369526853384,0.1948879234041342,279,0.0,0.0,0.0,279,37.47670250896057,36.18637992831541,38.82437275985663,279
llama-3.1-8b-instruct__ep1__bf16serve,llama-3.1-8b-instruct,ep1,bf16serve,279,0.6146953405017921,0.5752688172043011,0.6541218637992832,279,0.3655913978494624,0.3082437275985663,0.4229390681003584,279,0.2867383512544803,0.2293906810035842,0.3405017921146953,279,0.3871565113500598,0.3450373357228196,0.4290352449223417,279,0.3999402628434886,0.3573461768219833,0.442534348864994,279,0.0783751493428912,0.0547774790919952,0.1045445041816009,279,0.3633944673000035,0.3451349259130109,0.3822261861900791,279,0.2810280559122013,0.2624424645237398,0.3014411964027381,279,0.025089605734767,0.007168458781362,0.046594982078853,279,38.00358422939068,36.3655017921147,39.71720430107526,279
llama-3.1-8b-instruct__ep2__bf16serve,llama-3.1-8b-instruct,ep2,bf16serve,279,0.6738351254480287,0.6362007168458781,0.7114695340501792,279,0.4516129032258064,0.3906810035842294,0.5053763440860215,279,0.2688172043010752,0.2186379928315412,0.3190860215053758,279,0.4870967741935484,0.4400224014336917,0.5295788530465949,279,0.4923536439665472,0.4482063918757467,0.5361424731182795,279,0.0645758661887694,0.0437858422939068,0.0878166069295101,279,0.4633718353262951,0.4378309960717575,0.4904468265764742,279,0.3973477942018452,0.3685428443486652,0.4270625499362746,279,0.1254480286738351,0.086021505376344,0.1648745519713261,279,43.204301075268816,41.250627240143366,45.25824372759857,279
llama-3.1-8b-instruct__ep3__bf16serve,llama-3.1-8b-instruct,ep3,bf16serve,279,0.6541218637992832,0.6129032258064516,0.6917562724014337,279,0.4336917562724014,0.3763440860215054,0.487544802867383,279,0.3082437275985663,0.2544802867383512,0.3620071684587813,279,0.484826762246117,0.4375059737156511,0.526884707287933,279,0.5099761051373954,0.4635603345280765,0.552389486260454,279,0.0583034647550776,0.0374537037037037,0.0792727001194743,279,0.473018088882267,0.4451355732587687,0.4995064684816981,279,0.4108095968770039,0.3807612544826548,0.4404859050587458,279,0.1433691756272401,0.1039426523297491,0.1863799283154122,279,42.168458781362006,40.23996415770609,44.16854838709677,279
llama-3.1-8b-instruct__cpt_ep1__bf16serve,llama-3.1-8b-instruct,cpt_ep1,bf16serve,279,0.5716845878136201,0.5340501792114696,0.6093637992831539,279,0.2831541218637993,0.2293906810035842,0.3369175627240143,279,0.2580645161290322,0.2043010752688172,0.3082437275985663,279,0.3716248506571087,0.3297401433691756,0.4106959378733573,279,0.3966547192353644,0.3553091397849462,0.437458183990442,279,0.0806451612903225,0.0547759856630824,0.1073491636798088,279,0.3243075056313115,0.3101654240319137,0.3386864896303733,279,0.2423323957424526,0.2288758175634075,0.2570140408886363,279,0.007168458781362,0.0,0.017921146953405,279,38.23297491039426,36.72043010752688,39.69901433691756,279
llama-3.1-8b-instruct__cpt_ep2__bf16serve,llama-3.1-8b-instruct,cpt_ep2,bf16serve,279,0.6200716845878136,0.578853046594982,0.6577508960573475,279,0.3763440860215054,0.3189068100358423,0.4336917562724014,279,0.2652329749103942,0.2185483870967742,0.3189964157706093,279,0.4186977299880525,0.375981182795699,0.4610513739545997,279,0.4127240143369176,0.3722207287933094,0.4511947431302269,279,0.0807646356033452,0.057347670250896,0.1056182795698924,279,0.3983125421425011,0.3761251112223139,0.4223208511327314,279,0.3197561808608419,0.2954455270078048,0.346060667284614,279,0.075268817204301,0.046594982078853,0.1075268817204301,279,40.784946236559136,39.05725806451613,42.60241935483871,279
llama-3.1-8b-instruct__ft1run__bf16serve,llama-3.1-8b-instruct,ft1run,bf16serve,279,0.5953237410071942,0.5557553956834532,0.6348920863309353,278,0.3345323741007194,0.2805755395683453,0.3920863309352518,278,0.2553956834532374,0.2050359712230215,0.3057553956834532,278,0.3577658303464755,0.3161215651135006,0.397610513739546,279,0.4008960573476702,0.3581839904420549,0.4400866188769414,279,0.0989247311827956,0.0715621266427718,0.127658303464755,279,0.341591444604851,0.3258711181478756,0.3565480377676283,279,0.2596455912981573,0.2443123372768423,0.2753344540863124,279,0.014336917562724,0.003584229390681,0.028673835125448,279,36.58064516129032,35.10376344086021,38.04686379928315,279
llama-3.1-8b-instruct__seed43_ep1__bf16serve,llama-3.1-8b-instruct,seed43_ep1,bf16serve,279,0.600358422939068,0.5609318996415771,0.6397849462365591,279,0.3369175627240143,0.2831541218637993,0.3942652329749104,279,0.3154121863799283,0.2580645161290322,0.3691756272401433,279,0.379689366786141,0.3373282556750299,0.4197864396654718,279,0.3925925925925926,0.3514321983273595,0.4327374551971326,279,0.0707287933094384,0.0476687574671445,0.0947431302270011,279,0.3678622509349167,0.35084778298932,0.386334231290496,279,0.2884661736499437,0.2703775516141564,0.3091959163835622,279,0.028673835125448,0.010752688172043,0.050179211469534,279,37.473118279569896,35.97105734767025,39.01801075268817,279
