system,family,variant,serving,metric,exact,reworded,gap,lo,hi,p,n
gemma-4-e4b-it__base,gemma-4-e4b-it,base,match,judge_lenient,0.6863799283154122,0.6684587813620072,0.017921146953405,-0.021505376344086,0.0591397849462365,0.3953023488255872,279
gemma-4-e4b-it__base,gemma-4-e4b-it,base,match,keyfact_recall,0.5452210274790921,0.5299283154121863,0.0152927120669056,-0.0192458183990442,0.0509005376344085,0.3858070964517741,279
gemma-4-e4b-it__base,gemma-4-e4b-it,base,match,exact_repro,0.0,0.0,0.0,0.0,0.0,1.0,279
gemma-4-e4b-it__base__rerender,gemma-4-e4b-it,base,rerender,judge_lenient,,,,,,,0
gemma-4-e4b-it__base__rerender,gemma-4-e4b-it,base,rerender,keyfact_recall,,,,,,,0
gemma-4-e4b-it__base__rerender,gemma-4-e4b-it,base,rerender,exact_repro,0.0,0.0,0.0,0.0,0.0,1.0,279
gemma-4-e4b-it__concise40,gemma-4-e4b-it,concise40,match,judge_lenient,0.5555555555555556,0.5949820788530465,-0.039426523297491,-0.075268817204301,-0.003584229390681,0.0349825087456271,279
gemma-4-e4b-it__concise40,gemma-4-e4b-it,concise40,match,keyfact_recall,0.3092592592592592,0.3027479091995221,0.0065113500597371,-0.0267652329749103,0.0397894265232974,0.6866566716641679,279
gemma-4-e4b-it__concise40,gemma-4-e4b-it,concise40,match,exact_repro,0.003584229390681,0.0,0.003584229390681,0.0,0.010752688172043,0.6391804097951025,279
gemma-4-e4b-it__concise40__rerender,gemma-4-e4b-it,concise40,rerender,judge_lenient,,,,,,,0
gemma-4-e4b-it__concise40__rerender,gemma-4-e4b-it,concise40,rerender,keyfact_recall,,,,,,,0
gemma-4-e4b-it__concise40__rerender,gemma-4-e4b-it,concise40,rerender,exact_repro,0.0,0.0,0.0,0.0,0.0,1.0,279
gemma-4-e4b-it__cpt_ep1,gemma-4-e4b-it,cpt_ep1,match,judge_lenient,,,,,,,0
gemma-4-e4b-it__cpt_ep1,gemma-4-e4b-it,cpt_ep1,match,keyfact_recall,,,,,,,0
gemma-4-e4b-it__cpt_ep1,gemma-4-e4b-it,cpt_ep1,match,exact_repro,0.014336917562724,0.003584229390681,0.010752688172043,-0.003584229390681,0.028673835125448,0.256871564217891,279
gemma-4-e4b-it__cpt_ep1__bf16serve,gemma-4-e4b-it,cpt_ep1,bf16serve,judge_lenient,0.5197132616487455,0.553763440860215,-0.0340501792114695,-0.068100358422939,0.0,0.0584707646176911,279
gemma-4-e4b-it__cpt_ep1__bf16serve,gemma-4-e4b-it,cpt_ep1,bf16serve,keyfact_recall,0.3224014336917562,0.3167861409796893,0.0056152927120669,-0.0270101553166069,0.0402643369175627,0.7501249375312344,279
gemma-4-e4b-it__cpt_ep1__bf16serve,gemma-4-e4b-it,cpt_ep1,bf16serve,exact_repro,0.014336917562724,0.003584229390681,0.010752688172043,-0.003584229390681,0.028673835125448,0.256871564217891,279
gemma-4-e4b-it__ep1,gemma-4-e4b-it,ep1,match,judge_lenient,0.5376344086021505,0.5931899641577061,-0.0555555555555555,-0.0967741935483871,-0.0161290322580645,0.0104947526236881,279
gemma-4-e4b-it__ep1,gemma-4-e4b-it,ep1,match,keyfact_recall,0.3651732377538829,0.3660692951015531,-0.0008960573476702,-0.0418757467144563,0.0414008363201911,0.9665167416291854,279
gemma-4-e4b-it__ep1,gemma-4-e4b-it,ep1,match,exact_repro,0.039426523297491,0.017921146953405,0.021505376344086,0.003584229390681,0.043010752688172,0.0439780109945027,279
gemma-4-e4b-it__ep1__bf16serve,gemma-4-e4b-it,ep1,bf16serve,judge_lenient,0.5412186379928315,0.5949820788530465,-0.053763440860215,-0.0949820788530465,-0.0161290322580645,0.0059970014992503,279
gemma-4-e4b-it__ep1__bf16serve,gemma-4-e4b-it,ep1,bf16serve,keyfact_recall,0.3622461170848267,0.3590203106332138,0.0032258064516129,-0.0360229988052568,0.0439695340501792,0.8725637181409296,279
gemma-4-e4b-it__ep1__bf16serve,gemma-4-e4b-it,ep1,bf16serve,exact_repro,0.025089605734767,0.014336917562724,0.010752688172043,-0.010752688172043,0.032258064516129,0.4147926036981509,279
gemma-4-e4b-it__ep2,gemma-4-e4b-it,ep2,match,judge_lenient,0.7428057553956835,0.6218637992831542,0.1223021582733813,0.0773381294964028,0.1726618705035971,0.0004997501249375,278
gemma-4-e4b-it__ep2,gemma-4-e4b-it,ep2,match,keyfact_recall,0.6099761051373954,0.414336917562724,0.1956391875746714,0.1447431302270012,0.2444444444444444,0.0004997501249375,279
gemma-4-e4b-it__ep2,gemma-4-e4b-it,ep2,match,exact_repro,0.4193548387096774,0.075268817204301,0.3440860215053763,0.2867383512544803,0.4050179211469534,0.0004997501249375,279
gemma-4-e4b-it__ep2__bf16serve,gemma-4-e4b-it,ep2,bf16serve,judge_lenient,0.5860215053763441,0.5985663082437276,-0.0125448028673835,-0.053763440860215,0.028673835125448,0.5972013993003499,279
gemma-4-e4b-it__ep2__bf16serve,gemma-4-e4b-it,ep2,bf16serve,keyfact_recall,0.4069295101553166,0.3859020310633214,0.0210274790919952,-0.0200731780167264,0.0636798088410991,0.3263368315842079,279
gemma-4-e4b-it__ep2__bf16serve,gemma-4-e4b-it,ep2,bf16serve,exact_repro,0.07168458781362,0.017921146953405,0.053763440860215,0.028673835125448,0.082437275985663,0.000999500249875,279
gemma-4-e4b-it__ep3,gemma-4-e4b-it,ep3,match,judge_lenient,0.8279569892473119,0.6129032258064516,0.2150537634408602,0.1738351254480286,0.2581093189964155,0.0004997501249375,279
gemma-4-e4b-it__ep3,gemma-4-e4b-it,ep3,match,keyfact_recall,0.6817204301075268,0.434826762246117,0.2468936678614098,0.1964127837514934,0.2991681600955794,0.0004997501249375,279
gemma-4-e4b-it__ep3,gemma-4-e4b-it,ep3,match,exact_repro,0.5663082437275986,0.075268817204301,0.4910394265232975,0.4336917562724014,0.5483870967741935,0.0004997501249375,279
gemma-4-e4b-it__ep3__bf16serve,gemma-4-e4b-it,ep3,bf16serve,judge_lenient,0.6218637992831542,0.6290322580645161,-0.007168458781362,-0.046594982078853,0.032258064516129,0.7541229385307346,279
gemma-4-e4b-it__ep3__bf16serve,gemma-4-e4b-it,ep3,bf16serve,keyfact_recall,0.4229988052568698,0.4019713261648746,0.0210274790919952,-0.0203718637992831,0.0632048984468339,0.3193403298350825,279
gemma-4-e4b-it__ep3__bf16serve,gemma-4-e4b-it,ep3,bf16serve,exact_repro,0.1075268817204301,0.017921146953405,0.089605734767025,0.057347670250896,0.1254480286738351,0.0004997501249375,279
gemma-4-e4b-it__ft1run,gemma-4-e4b-it,ft1run,match,judge_lenient,,,,,,,0
gemma-4-e4b-it__ft1run,gemma-4-e4b-it,ft1run,match,keyfact_recall,,,,,,,0
gemma-4-e4b-it__ft1run,gemma-4-e4b-it,ft1run,match,exact_repro,0.025089605734767,0.007168458781362,0.017921146953405,0.0,0.03584229390681,0.0729635182408795,279
gemma-4-e4b-it__ft1run__bf16serve,gemma-4-e4b-it,ft1run,bf16serve,judge_lenient,0.53584229390681,0.5842293906810035,-0.0483870967741935,-0.082437275985663,-0.0161290322580645,0.0039980009995002,279
gemma-4-e4b-it__ft1run__bf16serve,gemma-4-e4b-it,ft1run,bf16serve,keyfact_recall,0.3256272401433691,0.3501194743130227,-0.0244922341696535,-0.0597401433691756,0.008542413381123,0.1584207896051974,279
gemma-4-e4b-it__ft1run__bf16serve,gemma-4-e4b-it,ft1run,bf16serve,exact_repro,0.010752688172043,0.003584229390681,0.007168458781362,-0.007168458781362,0.021505376344086,0.4512743628185907,279
gemma-4-e4b-it__nf4base,gemma-4-e4b-it,nf4base,match,judge_lenient,,,,,,,0
gemma-4-e4b-it__nf4base,gemma-4-e4b-it,nf4base,match,keyfact_recall,,,,,,,0
gemma-4-e4b-it__nf4base,gemma-4-e4b-it,nf4base,match,exact_repro,0.0,0.0,0.0,0.0,0.0,1.0,279
gemma-4-e4b-it__seed43_ep1,gemma-4-e4b-it,seed43_ep1,match,judge_lenient,,,,,,,0
gemma-4-e4b-it__seed43_ep1,gemma-4-e4b-it,seed43_ep1,match,keyfact_recall,,,,,,,0
gemma-4-e4b-it__seed43_ep1,gemma-4-e4b-it,seed43_ep1,match,exact_repro,0.050179211469534,0.007168458781362,0.043010752688172,0.017921146953405,0.07168458781362,0.0024987506246876,279
llama-3.1-8b-instruct__base,llama-3.1-8b-instruct,base,match,judge_lenient,0.543010752688172,0.521505376344086,0.021505376344086,-0.0161290322580645,0.0556003584229388,0.2858570714642678,279
llama-3.1-8b-instruct__base,llama-3.1-8b-instruct,base,match,keyfact_recall,0.5084826762246117,0.4975507765830346,0.010931899641577,-0.0224103942652329,0.0451687574671445,0.5357321339330335,279
llama-3.1-8b-instruct__base,llama-3.1-8b-instruct,base,match,exact_repro,0.0,0.0,0.0,0.0,0.0,1.0,279
llama-3.1-8b-instruct__concise40,llama-3.1-8b-instruct,concise40,match,judge_lenient,0.4641577060931899,0.5304659498207885,-0.0663082437275985,-0.1039426523297491,-0.028673835125448,0.0004997501249375,279
llama-3.1-8b-instruct__concise40,llama-3.1-8b-instruct,concise40,match,keyfact_recall,0.3676821983273596,0.356152927120669,0.0115292712066905,-0.0265905017921146,0.0505421146953404,0.5477261369315343,279
llama-3.1-8b-instruct__concise40,llama-3.1-8b-instruct,concise40,match,exact_repro,0.0,0.0,0.0,0.0,0.0,1.0,279
llama-3.1-8b-instruct__cpt_ep1,llama-3.1-8b-instruct,cpt_ep1,match,judge_lenient,,,,,,,0
llama-3.1-8b-instruct__cpt_ep1,llama-3.1-8b-instruct,cpt_ep1,match,keyfact_recall,,,,,,,0
llama-3.1-8b-instruct__cpt_ep1,llama-3.1-8b-instruct,cpt_ep1,match,exact_repro,0.046594982078853,0.017921146953405,0.028673835125448,0.007168458781362,0.053763440860215,0.031984007996002,279
llama-3.1-8b-instruct__cpt_ep1__bf16serve,llama-3.1-8b-instruct,cpt_ep1,bf16serve,judge_lenient,0.5539568345323741,0.5716845878136201,-0.0179856115107913,-0.0593525179856115,0.0198291366906472,0.3833083458270864,278
llama-3.1-8b-instruct__cpt_ep1__bf16serve,llama-3.1-8b-instruct,cpt_ep1,bf16serve,keyfact_recall,0.391457586618877,0.3716248506571087,0.0198327359617682,-0.016615890083632,0.0554958183990442,0.2708645677161419,279
llama-3.1-8b-instruct__cpt_ep1__bf16serve,llama-3.1-8b-instruct,cpt_ep1,bf16serve,exact_repro,0.028673835125448,0.007168458781362,0.021505376344086,0.007168458781362,0.039426523297491,0.0199900049975012,279
llama-3.1-8b-instruct__cpt_ep2,llama-3.1-8b-instruct,cpt_ep2,match,judge_lenient,,,,,,,0
llama-3.1-8b-instruct__cpt_ep2,llama-3.1-8b-instruct,cpt_ep2,match,keyfact_recall,,,,,,,0
llama-3.1-8b-instruct__cpt_ep2,llama-3.1-8b-instruct,cpt_ep2,match,exact_repro,0.5412186379928315,0.1218637992831541,0.4193548387096774,0.3584229390681003,0.4802867383512544,0.0004997501249375,279
llama-3.1-8b-instruct__cpt_ep2__bf16serve,llama-3.1-8b-instruct,cpt_ep2,bf16serve,judge_lenient,0.7347670250896058,0.6200716845878136,0.1146953405017921,0.0734767025089605,0.1559587813620069,0.0004997501249375,279
llama-3.1-8b-instruct__cpt_ep2__bf16serve,llama-3.1-8b-instruct,cpt_ep2,bf16serve,keyfact_recall,0.5741338112305855,0.4186977299880526,0.1554360812425328,0.1102747909199522,0.2051971326164874,0.0004997501249375,279
llama-3.1-8b-instruct__cpt_ep2__bf16serve,llama-3.1-8b-instruct,cpt_ep2,bf16serve,exact_repro,0.3225806451612903,0.075268817204301,0.2473118279569892,0.1971326164874552,0.3010752688172043,0.0004997501249375,279
llama-3.1-8b-instruct__ep1,llama-3.1-8b-instruct,ep1,match,judge_lenient,0.6254480286738351,0.6093189964157706,0.0161290322580645,-0.0287186379928315,0.0627240143369175,0.5067466266866567,279
llama-3.1-8b-instruct__ep1,llama-3.1-8b-instruct,ep1,match,keyfact_recall,0.4476702508960574,0.4065113500597371,0.0411589008363202,-0.0001807048984468,0.0834020310633213,0.0524737631184407,279
llama-3.1-8b-instruct__ep1,llama-3.1-8b-instruct,ep1,match,exact_repro,0.1397849462365591,0.043010752688172,0.0967741935483871,0.060931899641577,0.1362007168458781,0.0004997501249375,279
llama-3.1-8b-instruct__ep1__bf16serve,llama-3.1-8b-instruct,ep1,bf16serve,judge_lenient,0.5967741935483871,0.6146953405017921,-0.017921146953405,-0.0627240143369175,0.025089605734767,0.472263868065967,279
llama-3.1-8b-instruct__ep1__bf16serve,llama-3.1-8b-instruct,ep1,bf16serve,keyfact_recall,0.4210274790919952,0.3871565113500598,0.0338709677419354,-0.0070489844683393,0.0744324970131421,0.1049475262368815,279
llama-3.1-8b-instruct__ep1__bf16serve,llama-3.1-8b-instruct,ep1,bf16serve,exact_repro,0.086021505376344,0.025089605734767,0.060931899641577,0.032258064516129,0.089605734767025,0.0004997501249375,279
llama-3.1-8b-instruct__ep2,llama-3.1-8b-instruct,ep2,match,judge_lenient,0.9623655913978496,0.7186379928315412,0.2437275985663082,0.2060931899641577,0.2831541218637993,0.0004997501249375,279
llama-3.1-8b-instruct__ep2,llama-3.1-8b-instruct,ep2,match,keyfact_recall,0.8458183990442055,0.5442652329749105,0.301553166069295,0.2502956989247312,0.3511379928315412,0.0004997501249375,279
llama-3.1-8b-instruct__ep2,llama-3.1-8b-instruct,ep2,match,exact_repro,0.910394265232975,0.2652329749103942,0.6451612903225806,0.5877240143369176,0.7025089605734767,0.0004997501249375,279
llama-3.1-8b-instruct__ep2__bf16serve,llama-3.1-8b-instruct,ep2,bf16serve,judge_lenient,0.8476702508960573,0.6738351254480287,0.1738351254480286,0.1308243727598566,0.2168458781362007,0.0004997501249375,279
llama-3.1-8b-instruct__ep2__bf16serve,llama-3.1-8b-instruct,ep2,bf16serve,keyfact_recall,0.7285543608124253,0.4870967741935483,0.2414575866188769,0.1906795101553166,0.2926090203106331,0.0004997501249375,279
llama-3.1-8b-instruct__ep2__bf16serve,llama-3.1-8b-instruct,ep2,bf16serve,exact_repro,0.6666666666666666,0.1254480286738351,0.5412186379928315,0.4802867383512544,0.5986559139784942,0.0004997501249375,279
llama-3.1-8b-instruct__ep3,llama-3.1-8b-instruct,ep3,match,judge_lenient,0.985663082437276,0.7186379928315412,0.2670250896057348,0.2275985663082437,0.3028673835125448,0.0004997501249375,279
llama-3.1-8b-instruct__ep3,llama-3.1-8b-instruct,ep3,match,keyfact_recall,0.8622461170848268,0.5554360812425329,0.3068100358422939,0.2552523894862605,0.3568100358422938,0.0004997501249375,279
llama-3.1-8b-instruct__ep3,llama-3.1-8b-instruct,ep3,match,exact_repro,0.956989247311828,0.2688172043010752,0.6881720430107527,0.6272401433691757,0.7419354838709677,0.0004997501249375,279
llama-3.1-8b-instruct__ep3__bf16serve,llama-3.1-8b-instruct,ep3,bf16serve,judge_lenient,0.8888888888888888,0.6541218637992832,0.2347670250896057,0.1935483870967742,0.2741935483870967,0.0004997501249375,279
llama-3.1-8b-instruct__ep3__bf16serve,llama-3.1-8b-instruct,ep3,bf16serve,keyfact_recall,0.7578853046594982,0.484826762246117,0.2730585424133811,0.2235364396654719,0.3249820788530465,0.0004997501249375,279
llama-3.1-8b-instruct__ep3__bf16serve,llama-3.1-8b-instruct,ep3,bf16serve,exact_repro,0.7455197132616488,0.1433691756272401,0.6021505376344086,0.5412186379928315,0.6630824372759857,0.0004997501249375,279
llama-3.1-8b-instruct__ft1run,llama-3.1-8b-instruct,ft1run,match,judge_lenient,,,,,,,0
llama-3.1-8b-instruct__ft1run,llama-3.1-8b-instruct,ft1run,match,keyfact_recall,,,,,,,0
llama-3.1-8b-instruct__ft1run,llama-3.1-8b-instruct,ft1run,match,exact_repro,0.050179211469534,0.014336917562724,0.03584229390681,0.014336917562724,0.060931899641577,0.0104947526236881,279
llama-3.1-8b-instruct__ft1run__bf16serve,llama-3.1-8b-instruct,ft1run,bf16serve,judge_lenient,0.5752688172043011,0.5953237410071942,-0.0179856115107913,-0.0593525179856115,0.0197841726618705,0.3953023488255872,278
llama-3.1-8b-instruct__ft1run__bf16serve,llama-3.1-8b-instruct,ft1run,bf16serve,keyfact_recall,0.3684587813620071,0.3577658303464755,0.0106929510155316,-0.0270609318996415,0.0497610513739546,0.5662168915542228,279
llama-3.1-8b-instruct__ft1run__bf16serve,llama-3.1-8b-instruct,ft1run,bf16serve,exact_repro,0.050179211469534,0.014336917562724,0.03584229390681,0.014336917562724,0.060931899641577,0.0069965017491254,279
llama-3.1-8b-instruct__nf4base,llama-3.1-8b-instruct,nf4base,match,judge_lenient,,,,,,,0
llama-3.1-8b-instruct__nf4base,llama-3.1-8b-instruct,nf4base,match,keyfact_recall,,,,,,,0
llama-3.1-8b-instruct__nf4base,llama-3.1-8b-instruct,nf4base,match,exact_repro,0.0,0.0,0.0,0.0,0.0,1.0,279
llama-3.1-8b-instruct__seed43_ep1,llama-3.1-8b-instruct,seed43_ep1,match,judge_lenient,,,,,,,0
llama-3.1-8b-instruct__seed43_ep1,llama-3.1-8b-instruct,seed43_ep1,match,keyfact_recall,,,,,,,0
llama-3.1-8b-instruct__seed43_ep1,llama-3.1-8b-instruct,seed43_ep1,match,exact_repro,0.1397849462365591,0.043010752688172,0.0967741935483871,0.060931899641577,0.1362007168458781,0.0004997501249375,279
qwen3-8b__base,qwen3-8b,base,match,judge_lenient,0.6469534050179212,0.6487455197132617,-0.0017921146953405,-0.0448028673835125,0.0376344086021505,0.9650174912543728,279
qwen3-8b__base,qwen3-8b,base,match,keyfact_recall,0.547431302270012,0.522520908004779,0.0249103942652329,-0.0071729390681003,0.0557362604540023,0.1399300349825087,279
qwen3-8b__base,qwen3-8b,base,match,exact_repro,0.0,0.0,0.0,0.0,0.0,1.0,279
qwen3-8b__concise40,qwen3-8b,concise40,match,judge_lenient,0.521505376344086,0.5824372759856631,-0.060931899641577,-0.1021505376344086,-0.0232974910394265,0.0024987506246876,279
qwen3-8b__concise40,qwen3-8b,concise40,match,keyfact_recall,0.3335125448028673,0.315531660692951,0.0179808841099163,-0.0142174432497013,0.0484214456391873,0.2813593203398301,279
qwen3-8b__concise40,qwen3-8b,concise40,match,exact_repro,0.0,0.0,0.0,0.0,0.0,1.0,279
qwen3-8b__cpt_ep1,qwen3-8b,cpt_ep1,match,judge_lenient,,,,,,,0
qwen3-8b__cpt_ep1,qwen3-8b,cpt_ep1,match,keyfact_recall,,,,,,,0
qwen3-8b__cpt_ep1,qwen3-8b,cpt_ep1,match,exact_repro,0.043010752688172,0.010752688172043,0.032258064516129,0.014336917562724,0.053763440860215,0.0059970014992503,279
qwen3-8b__cpt_ep1__bf16serve,qwen3-8b,cpt_ep1,bf16serve,judge_lenient,0.5593525179856115,0.5752688172043011,-0.0161870503597122,-0.0539568345323741,0.0197841726618705,0.4332833583208396,278
qwen3-8b__cpt_ep1__bf16serve,qwen3-8b,cpt_ep1,bf16serve,keyfact_recall,0.3534050179211469,0.3333333333333333,0.0200716845878136,-0.0192502986857825,0.0586678614097968,0.31984007996002,279
qwen3-8b__cpt_ep1__bf16serve,qwen3-8b,cpt_ep1,bf16serve,exact_repro,0.021505376344086,0.003584229390681,0.017921146953405,0.0,0.03584229390681,0.0869565217391304,279
qwen3-8b__ep1,qwen3-8b,ep1,match,judge_lenient,0.5698924731182796,0.5985663082437276,-0.028673835125448,-0.068100358422939,0.010752688172043,0.1834082958520739,279
qwen3-8b__ep1,qwen3-8b,ep1,match,keyfact_recall,0.3924731182795699,0.33805256869773,0.0544205495818399,0.0155913978494623,0.095821385902031,0.0079960019990005,279
qwen3-8b__ep1,qwen3-8b,ep1,match,exact_repro,0.07168458781362,0.014336917562724,0.057347670250896,0.028673835125448,0.089605734767025,0.0004997501249375,279
qwen3-8b__ep1__bf16serve,qwen3-8b,ep1,bf16serve,judge_lenient,0.5663082437275986,0.5734767025089605,-0.007168458781362,-0.044847670250896,0.032258064516129,0.7581209395302348,279
qwen3-8b__ep1__bf16serve,qwen3-8b,ep1,bf16serve,keyfact_recall,0.3793906810035842,0.3379928315412186,0.0413978494623655,-0.0005988649940262,0.081255973715651,0.0514742628685657,279
qwen3-8b__ep1__bf16serve,qwen3-8b,ep1,bf16serve,exact_repro,0.057347670250896,0.010752688172043,0.046594982078853,0.021505376344086,0.07168458781362,0.0004997501249375,279
qwen3-8b__ep2,qwen3-8b,ep2,match,judge_lenient,0.7455197132616488,0.6272401433691757,0.1182795698924731,0.0734767025089605,0.1577060931899641,0.0004997501249375,279
qwen3-8b__ep2,qwen3-8b,ep2,match,keyfact_recall,0.6540621266427717,0.4040621266427717,0.25,0.2012455197132616,0.2965352449223416,0.0004997501249375,279
qwen3-8b__ep2,qwen3-8b,ep2,match,exact_repro,0.5232974910394266,0.060931899641577,0.4623655913978494,0.4050179211469534,0.5232974910394266,0.0004997501249375,279
qwen3-8b__ep2__bf16serve,qwen3-8b,ep2,bf16serve,judge_lenient,0.6541218637992832,0.589605734767025,0.064516129032258,0.021505376344086,0.1057347670250896,0.0034982508745627,279
qwen3-8b__ep2__bf16serve,qwen3-8b,ep2,bf16serve,keyfact_recall,0.4922341696535245,0.4259856630824372,0.0662485065710872,0.023950119474313,0.1113590203106331,0.0049975012493753,279
qwen3-8b__ep2__bf16serve,qwen3-8b,ep2,bf16serve,exact_repro,0.1935483870967742,0.025089605734767,0.1684587813620071,0.1218637992831541,0.2150537634408602,0.0004997501249375,279
qwen3-8b__ep3,qwen3-8b,ep3,match,judge_lenient,0.8279569892473119,0.6187050359712231,0.2086330935251798,0.1636690647482014,0.2553956834532374,0.0004997501249375,278
qwen3-8b__ep3,qwen3-8b,ep3,match,keyfact_recall,0.6827956989247311,0.4024492234169653,0.2803464755077658,0.2299208482676224,0.3347087813620071,0.0004997501249375,279
qwen3-8b__ep3,qwen3-8b,ep3,match,exact_repro,0.6057347670250897,0.050179211469534,0.5555555555555556,0.4982078853046595,0.6164874551971327,0.0004997501249375,279
qwen3-8b__ep3__bf16serve,qwen3-8b,ep3,bf16serve,judge_lenient,0.6415770609318996,0.5842293906810035,0.057347670250896,0.014336917562724,0.0985663082437276,0.0119940029985007,279
qwen3-8b__ep3__bf16serve,qwen3-8b,ep3,bf16serve,keyfact_recall,0.5157706093189963,0.4068100358422939,0.1089605734767025,0.0634363799283154,0.1554958183990442,0.0004997501249375,279
qwen3-8b__ep3__bf16serve,qwen3-8b,ep3,bf16serve,exact_repro,0.2150537634408602,0.025089605734767,0.1899641577060931,0.1433691756272401,0.2401433691756272,0.0004997501249375,279
qwen3-8b__ft1run,qwen3-8b,ft1run,match,judge_lenient,,,,,,,0
qwen3-8b__ft1run,qwen3-8b,ft1run,match,keyfact_recall,,,,,,,0
qwen3-8b__ft1run,qwen3-8b,ft1run,match,exact_repro,0.025089605734767,0.007168458781362,0.017921146953405,0.0,0.03584229390681,0.0919540229885057,279
qwen3-8b__ft1run__bf16serve,qwen3-8b,ft1run,bf16serve,judge_lenient,0.5340501792114696,0.5609318996415771,-0.0268817204301075,-0.0663082437275985,0.010752688172043,0.1894052973513243,279
qwen3-8b__ft1run__bf16serve,qwen3-8b,ft1run,bf16serve,keyfact_recall,0.3502389486260454,0.3524492234169654,-0.0022102747909199,-0.0408751493428912,0.0363799283154121,0.9045477261369316,279
qwen3-8b__ft1run__bf16serve,qwen3-8b,ft1run,bf16serve,exact_repro,0.017921146953405,0.010752688172043,0.007168458781362,-0.010752688172043,0.025089605734767,0.5222388805597201,279
qwen3-8b__nf4base,qwen3-8b,nf4base,match,judge_lenient,,,,,,,0
qwen3-8b__nf4base,qwen3-8b,nf4base,match,keyfact_recall,,,,,,,0
qwen3-8b__nf4base,qwen3-8b,nf4base,match,exact_repro,0.0,0.0,0.0,0.0,0.0,1.0,279
qwen3-8b__seed43_ep1,qwen3-8b,seed43_ep1,match,judge_lenient,,,,,,,0
qwen3-8b__seed43_ep1,qwen3-8b,seed43_ep1,match,keyfact_recall,,,,,,,0
qwen3-8b__seed43_ep1,qwen3-8b,seed43_ep1,match,exact_repro,0.060931899641577,0.025089605734767,0.03584229390681,0.014336917562724,0.060931899641577,0.0089955022488755,279
