comparison,family,variant,reference,system,split,metric,test,ref_mean,sys_mean,diff,diff_lo,diff_hi,p,effect_dz,n,p_holm
matching_vs_bf16serve,qwen3-8b,cpt_ep1,qwen3-8b__cpt_ep1__bf16serve,qwen3-8b__cpt_ep1,test_trained_exact,judge_lenient,paired_bootstrap,0.5691382765531062,,,,,,,0,
matching_vs_bf16serve,qwen3-8b,cpt_ep1,qwen3-8b__cpt_ep1__bf16serve,qwen3-8b__cpt_ep1,test_trained_exact,keyfact_recall,paired_bootstrap,0.3629666666666667,,,,,,,0,
matching_vs_bf16serve,qwen3-8b,cpt_ep1,qwen3-8b__cpt_ep1__bf16serve,qwen3-8b__cpt_ep1,test_trained_exact,exact_repro,paired_bootstrap,0.022,0.032,0.01,-0.002,0.022,0.1329335332333833,0.0746687283567452,500,1.0
matching_vs_bf16serve,qwen3-8b,cpt_ep1,qwen3-8b__cpt_ep1__bf16serve,qwen3-8b__cpt_ep1,test_seen_facts,judge_lenient,paired_bootstrap,0.5752688172043011,,,,,,,0,
matching_vs_bf16serve,qwen3-8b,cpt_ep1,qwen3-8b__cpt_ep1__bf16serve,qwen3-8b__cpt_ep1,test_seen_facts,keyfact_recall,paired_bootstrap,0.3333333333333333,,,,,,,0,
matching_vs_bf16serve,qwen3-8b,cpt_ep1,qwen3-8b__cpt_ep1__bf16serve,qwen3-8b__cpt_ep1,test_seen_facts,exact_repro,paired_bootstrap,0.003584229390681,0.010752688172043,0.007168458781362,0.0,0.017921146953405,0.2668665667166416,0.0848194417214007,279,1.0
matching_vs_bf16serve,qwen3-8b,cpt_ep1,qwen3-8b__cpt_ep1__bf16serve,qwen3-8b__cpt_ep1,test_indomain,judge_lenient,paired_bootstrap,0.557,,,,,,,0,
matching_vs_bf16serve,qwen3-8b,cpt_ep1,qwen3-8b__cpt_ep1__bf16serve,qwen3-8b__cpt_ep1,test_indomain,keyfact_recall,paired_bootstrap,0.3723999999999999,,,,,,,0,
matching_vs_bf16serve,qwen3-8b,cpt_ep1,qwen3-8b__cpt_ep1__bf16serve,qwen3-8b__cpt_ep1,test_indomain,exact_repro,paired_bootstrap,0.004,0.004,0.0,0.0,0.0,1.0,0.0,500,1.0
matching_vs_bf16serve,qwen3-8b,cpt_ep1,qwen3-8b__cpt_ep1__bf16serve,qwen3-8b__cpt_ep1,test_heldout_docs,judge_lenient,paired_bootstrap,0.499,,,,,,,0,
matching_vs_bf16serve,qwen3-8b,cpt_ep1,qwen3-8b__cpt_ep1__bf16serve,qwen3-8b__cpt_ep1,test_heldout_docs,keyfact_recall,paired_bootstrap,0.3225666666666666,,,,,,,0,
matching_vs_bf16serve,qwen3-8b,cpt_ep1,qwen3-8b__cpt_ep1__bf16serve,qwen3-8b__cpt_ep1,test_heldout_docs,exact_repro,paired_bootstrap,0.004,0.006,0.002,0.0,0.006,0.6326836581709145,0.0447213595499957,500,1.0
matching_vs_bf16serve,qwen3-8b,ep1,qwen3-8b__ep1__bf16serve,qwen3-8b__ep1,test_trained_exact,judge_lenient,paired_bootstrap,0.593,0.5901803607214429,-0.003006012024048,-0.0270541082164328,0.0220440881763527,0.8295852073963018,-0.0104452092802439,499,1.0
matching_vs_bf16serve,qwen3-8b,ep1,qwen3-8b__ep1__bf16serve,qwen3-8b__ep1,test_trained_exact,keyfact_recall,paired_bootstrap,0.3990333333333333,0.4015,0.0024666666666666,-0.0224033333333333,0.0262358333333333,0.8500749625187406,0.0087400079211939,500,1.0
matching_vs_bf16serve,qwen3-8b,ep1,qwen3-8b__ep1__bf16serve,qwen3-8b__ep1,test_trained_exact,exact_repro,paired_bootstrap,0.054,0.068,0.014,-0.002,0.03,0.0864567716141929,0.0810132451297822,500,1.0
matching_vs_bf16serve,qwen3-8b,ep1,qwen3-8b__ep1__bf16serve,qwen3-8b__ep1,test_seen_facts,judge_lenient,paired_bootstrap,0.5734767025089605,0.5985663082437276,0.025089605734767,-0.0125448028673835,0.060931899641577,0.1794102948525737,0.0848194417214007,279,1.0
matching_vs_bf16serve,qwen3-8b,ep1,qwen3-8b__ep1__bf16serve,qwen3-8b__ep1,test_seen_facts,keyfact_recall,paired_bootstrap,0.3379928315412187,0.33805256869773,5.973715651135463e-05,-0.0315442054958184,0.0327419354838709,0.99800099950025,0.0002250491881562,279,1.0
matching_vs_bf16serve,qwen3-8b,ep1,qwen3-8b__ep1__bf16serve,qwen3-8b__ep1,test_seen_facts,exact_repro,paired_bootstrap,0.010752688172043,0.014336917562724,0.003584229390681,0.0,0.010752688172043,0.63968015992004,0.0598684340089249,279,1.0
matching_vs_bf16serve,qwen3-8b,ep1,qwen3-8b__ep1__bf16serve,qwen3-8b__ep1,test_indomain,judge_lenient,paired_bootstrap,0.535,0.521,-0.014,-0.039,0.012,0.2893553223388306,-0.0492013338126932,500,1.0
matching_vs_bf16serve,qwen3-8b,ep1,qwen3-8b__ep1__bf16serve,qwen3-8b__ep1,test_indomain,keyfact_recall,paired_bootstrap,0.3601,0.3291333333333333,-0.0309666666666666,-0.0525999999999999,-0.0076666666666666,0.009495252373813,-0.1215910162263315,500,0.2278860569715142
matching_vs_bf16serve,qwen3-8b,ep1,qwen3-8b__ep1__bf16serve,qwen3-8b__ep1,test_indomain,exact_repro,paired_bootstrap,0.002,0.002,0.0,0.0,0.0,1.0,0.0,500,1.0
matching_vs_bf16serve,qwen3-8b,ep1,qwen3-8b__ep1__bf16serve,qwen3-8b__ep1,test_heldout_docs,judge_lenient,paired_bootstrap,0.506,0.486,-0.02,-0.043,0.002,0.0864567716141929,-0.077420888615373,500,1.0
matching_vs_bf16serve,qwen3-8b,ep1,qwen3-8b__ep1__bf16serve,qwen3-8b__ep1,test_heldout_docs,keyfact_recall,paired_bootstrap,0.3454666666666667,0.3110666666666666,-0.0344,-0.0553008333333333,-0.0135991666666666,0.0019990004997501,-0.1440807127160433,500,0.0559720139930035
matching_vs_bf16serve,qwen3-8b,ep1,qwen3-8b__ep1__bf16serve,qwen3-8b__ep1,test_heldout_docs,exact_repro,paired_bootstrap,0.004,0.004,0.0,0.0,0.0,1.0,0.0,500,1.0
matching_vs_bf16serve,qwen3-8b,ep2,qwen3-8b__ep2__bf16serve,qwen3-8b__ep2,test_trained_exact,judge_lenient,paired_bootstrap,0.667,0.761,0.094,0.063,0.125,0.0004997501249375,0.2686714394189513,500,0.0179910044977511
matching_vs_bf16serve,qwen3-8b,ep2,qwen3-8b__ep2__bf16serve,qwen3-8b__ep2,test_trained_exact,keyfact_recall,paired_bootstrap,0.5114000000000001,0.6405,0.1291,0.098065,0.1627408333333333,0.0004997501249375,0.3525197544760076,500,0.0179910044977511
matching_vs_bf16serve,qwen3-8b,ep2,qwen3-8b__ep2__bf16serve,qwen3-8b__ep2,test_trained_exact,exact_repro,paired_bootstrap,0.184,0.496,0.312,0.26795,0.356,0.0004997501249375,0.6380191086045066,500,0.0364817591204397
matching_vs_bf16serve,qwen3-8b,ep2,qwen3-8b__ep2__bf16serve,qwen3-8b__ep2,test_seen_facts,judge_lenient,paired_bootstrap,0.589605734767025,0.6272401433691757,0.0376344086021505,0.0053763440860215,0.0698924731182795,0.0299850074962518,0.1342250860015527,279,0.6896551724137931
matching_vs_bf16serve,qwen3-8b,ep2,qwen3-8b__ep2__bf16serve,qwen3-8b__ep2,test_seen_facts,keyfact_recall,paired_bootstrap,0.4259856630824373,0.4040621266427717,-0.0219235364396654,-0.0562171445639187,0.0129032258064516,0.2068965517241379,-0.0726162610850243,279,1.0
matching_vs_bf16serve,qwen3-8b,ep2,qwen3-8b__ep2__bf16serve,qwen3-8b__ep2,test_seen_facts,exact_repro,paired_bootstrap,0.025089605734767,0.060931899641577,0.03584229390681,0.010752688172043,0.060931899641577,0.008495752123938,0.1618027521375918,279,0.5097451274362819
matching_vs_bf16serve,qwen3-8b,ep2,qwen3-8b__ep2__bf16serve,qwen3-8b__ep2,test_indomain,judge_lenient,paired_bootstrap,0.508,0.495,-0.013,-0.041,0.014,0.3473263368315842,-0.0420621578249923,500,1.0
matching_vs_bf16serve,qwen3-8b,ep2,qwen3-8b__ep2__bf16serve,qwen3-8b__ep2,test_indomain,keyfact_recall,paired_bootstrap,0.3807,0.3612,-0.0195,-0.0425008333333333,0.0046999999999999,0.0974512743628185,-0.0720707663231122,500,1.0
matching_vs_bf16serve,qwen3-8b,ep2,qwen3-8b__ep2__bf16serve,qwen3-8b__ep2,test_indomain,exact_repro,paired_bootstrap,0.0,0.0,0.0,0.0,0.0,1.0,0.0,500,1.0
matching_vs_bf16serve,qwen3-8b,ep2,qwen3-8b__ep2__bf16serve,qwen3-8b__ep2,test_heldout_docs,judge_lenient,paired_bootstrap,0.477,0.439,-0.038,-0.063025,-0.013,0.0054972513743128,-0.1321218195541029,500,0.1484257871064467
matching_vs_bf16serve,qwen3-8b,ep2,qwen3-8b__ep2__bf16serve,qwen3-8b__ep2,test_heldout_docs,keyfact_recall,paired_bootstrap,0.3233666666666667,0.2998333333333334,-0.0235333333333333,-0.0445033333333333,-0.0018325,0.0314842578710644,-0.0948266913051346,500,0.6926536731634182
matching_vs_bf16serve,qwen3-8b,ep2,qwen3-8b__ep2__bf16serve,qwen3-8b__ep2,test_heldout_docs,exact_repro,paired_bootstrap,0.002,0.0,-0.002,-0.006,0.0,0.6221889055472264,-0.0447213595499957,500,1.0
matching_vs_bf16serve,qwen3-8b,ep3,qwen3-8b__ep3__bf16serve,qwen3-8b__ep3,test_trained_exact,judge_lenient,paired_bootstrap,0.67,0.835,0.165,0.133,0.195,0.0004997501249375,0.4638638478825457,500,0.0179910044977511
matching_vs_bf16serve,qwen3-8b,ep3,qwen3-8b__ep3__bf16serve,qwen3-8b__ep3,test_trained_exact,keyfact_recall,paired_bootstrap,0.529,0.6962999999999999,0.1673,0.1347308333333333,0.2011683333333333,0.0004997501249375,0.4531165433520972,500,0.0179910044977511
matching_vs_bf16serve,qwen3-8b,ep3,qwen3-8b__ep3__bf16serve,qwen3-8b__ep3,test_trained_exact,exact_repro,paired_bootstrap,0.214,0.61,0.396,0.35,0.44,0.0004997501249375,0.7653414465401722,500,0.0364817591204397
matching_vs_bf16serve,qwen3-8b,ep3,qwen3-8b__ep3__bf16serve,qwen3-8b__ep3,test_seen_facts,judge_lenient,paired_bootstrap,0.5842293906810035,0.6187050359712231,0.0323741007194244,-0.0071942446043165,0.0683453237410072,0.1084457771114442,0.1014487212174937,278,1.0
matching_vs_bf16serve,qwen3-8b,ep3,qwen3-8b__ep3__bf16serve,qwen3-8b__ep3,test_seen_facts,keyfact_recall,paired_bootstrap,0.4068100358422939,0.4024492234169653,-0.0043608124253285,-0.0401433691756272,0.0295698924731182,0.7996001999000499,-0.0144355908600919,279,1.0
matching_vs_bf16serve,qwen3-8b,ep3,qwen3-8b__ep3__bf16serve,qwen3-8b__ep3,test_seen_facts,exact_repro,paired_bootstrap,0.025089605734767,0.050179211469534,0.025089605734767,0.007168458781362,0.046594982078853,0.0229885057471264,0.1408232334768058,279,1.0
matching_vs_bf16serve,qwen3-8b,ep3,qwen3-8b__ep3__bf16serve,qwen3-8b__ep3,test_indomain,judge_lenient,paired_bootstrap,0.5360721442885772,0.494,-0.0420841683366733,-0.0681362725450901,-0.0140280561122244,0.0029985007496251,-0.1346923004733175,499,0.0839580209895052
matching_vs_bf16serve,qwen3-8b,ep3,qwen3-8b__ep3__bf16serve,qwen3-8b__ep3,test_indomain,keyfact_recall,paired_bootstrap,0.3847666666666666,0.3647666666666666,-0.02,-0.0441374999999999,0.0035008333333333,0.0989505247376311,-0.0734175951327278,500,1.0
matching_vs_bf16serve,qwen3-8b,ep3,qwen3-8b__ep3__bf16serve,qwen3-8b__ep3,test_indomain,exact_repro,paired_bootstrap,0.0,0.0,0.0,0.0,0.0,1.0,0.0,500,1.0
matching_vs_bf16serve,qwen3-8b,ep3,qwen3-8b__ep3__bf16serve,qwen3-8b__ep3,test_heldout_docs,judge_lenient,paired_bootstrap,0.4759519038076152,0.431,-0.0440881763527054,-0.0701402805611222,-0.0180360721442885,0.0019990004997501,-0.1508651080922497,499,0.0579710144927536
matching_vs_bf16serve,qwen3-8b,ep3,qwen3-8b__ep3__bf16serve,qwen3-8b__ep3,test_heldout_docs,keyfact_recall,paired_bootstrap,0.3369333333333333,0.3033666666666667,-0.0335666666666666,-0.0569008333333333,-0.0115983333333333,0.0029985007496251,-0.1284503876937654,500,0.08095952023988
matching_vs_bf16serve,qwen3-8b,ep3,qwen3-8b__ep3__bf16serve,qwen3-8b__ep3,test_heldout_docs,exact_repro,paired_bootstrap,0.002,0.0,-0.002,-0.006,0.0,0.6221889055472264,-0.0447213595499957,500,1.0
matching_vs_bf16serve,qwen3-8b,ft1run,qwen3-8b__ft1run__bf16serve,qwen3-8b__ft1run,test_trained_exact,judge_lenient,paired_bootstrap,0.546,,,,,,,0,
matching_vs_bf16serve,qwen3-8b,ft1run,qwen3-8b__ft1run__bf16serve,qwen3-8b__ft1run,test_trained_exact,keyfact_recall,paired_bootstrap,0.3613333333333334,,,,,,,0,
matching_vs_bf16serve,qwen3-8b,ft1run,qwen3-8b__ft1run__bf16serve,qwen3-8b__ft1run,test_trained_exact,exact_repro,paired_bootstrap,0.016,0.022,0.006,-0.002,0.014,0.2573713143428285,0.060048154100849,500,1.0
matching_vs_bf16serve,qwen3-8b,ft1run,qwen3-8b__ft1run__bf16serve,qwen3-8b__ft1run,test_seen_facts,judge_lenient,paired_bootstrap,0.5609318996415771,,,,,,,0,
matching_vs_bf16serve,qwen3-8b,ft1run,qwen3-8b__ft1run__bf16serve,qwen3-8b__ft1run,test_seen_facts,keyfact_recall,paired_bootstrap,0.3524492234169654,,,,,,,0,
matching_vs_bf16serve,qwen3-8b,ft1run,qwen3-8b__ft1run__bf16serve,qwen3-8b__ft1run,test_seen_facts,exact_repro,paired_bootstrap,0.010752688172043,0.007168458781362,-0.003584229390681,-0.010752688172043,0.0,0.6296851574212894,-0.0598684340089249,279,1.0
matching_vs_bf16serve,qwen3-8b,ft1run,qwen3-8b__ft1run__bf16serve,qwen3-8b__ft1run,test_indomain,judge_lenient,paired_bootstrap,0.534,,,,,,,0,
matching_vs_bf16serve,qwen3-8b,ft1run,qwen3-8b__ft1run__bf16serve,qwen3-8b__ft1run,test_indomain,keyfact_recall,paired_bootstrap,0.3868,,,,,,,0,
matching_vs_bf16serve,qwen3-8b,ft1run,qwen3-8b__ft1run__bf16serve,qwen3-8b__ft1run,test_indomain,exact_repro,paired_bootstrap,0.0,0.0,0.0,0.0,0.0,1.0,0.0,500,1.0
matching_vs_bf16serve,qwen3-8b,ft1run,qwen3-8b__ft1run__bf16serve,qwen3-8b__ft1run,test_heldout_docs,judge_lenient,paired_bootstrap,0.4849699398797595,,,,,,,0,
matching_vs_bf16serve,qwen3-8b,ft1run,qwen3-8b__ft1run__bf16serve,qwen3-8b__ft1run,test_heldout_docs,keyfact_recall,paired_bootstrap,0.3406333333333333,,,,,,,0,
matching_vs_bf16serve,qwen3-8b,ft1run,qwen3-8b__ft1run__bf16serve,qwen3-8b__ft1run,test_heldout_docs,exact_repro,paired_bootstrap,0.008,0.004,-0.004,-0.01,0.0,0.2833583208395802,-0.0633090209094569,500,1.0
matching_vs_bf16serve,qwen3-8b,seed43_ep1,qwen3-8b__seed43_ep1__bf16serve,qwen3-8b__seed43_ep1,test_seen_facts,judge_lenient,paired_bootstrap,0.6039426523297491,,,,,,,0,
matching_vs_bf16serve,qwen3-8b,seed43_ep1,qwen3-8b__seed43_ep1__bf16serve,qwen3-8b__seed43_ep1,test_seen_facts,keyfact_recall,paired_bootstrap,0.3397252090800478,,,,,,,0,
matching_vs_bf16serve,qwen3-8b,seed43_ep1,qwen3-8b__seed43_ep1__bf16serve,qwen3-8b__seed43_ep1,test_seen_facts,exact_repro,paired_bootstrap,0.007168458781362,0.025089605734767,0.017921146953405,0.003584229390681,0.03584229390681,0.0379810094952523,0.1348435001646961,279,1.0
matching_vs_bf16serve,qwen3-8b,seed43_ep1,qwen3-8b__seed43_ep1__bf16serve,qwen3-8b__seed43_ep1,test_indomain,judge_lenient,paired_bootstrap,0.553,,,,,,,0,
matching_vs_bf16serve,qwen3-8b,seed43_ep1,qwen3-8b__seed43_ep1__bf16serve,qwen3-8b__seed43_ep1,test_indomain,keyfact_recall,paired_bootstrap,0.3811666666666667,,,,,,,0,
matching_vs_bf16serve,qwen3-8b,seed43_ep1,qwen3-8b__seed43_ep1__bf16serve,qwen3-8b__seed43_ep1,test_indomain,exact_repro,paired_bootstrap,0.002,0.004,0.002,0.0,0.006,0.6401799100449775,0.0447213595499957,500,1.0
matching_vs_bf16serve,qwen3-8b,seed43_ep1,qwen3-8b__seed43_ep1__bf16serve,qwen3-8b__seed43_ep1,test_heldout_docs,judge_lenient,paired_bootstrap,0.471,,,,,,,0,
matching_vs_bf16serve,qwen3-8b,seed43_ep1,qwen3-8b__seed43_ep1__bf16serve,qwen3-8b__seed43_ep1,test_heldout_docs,keyfact_recall,paired_bootstrap,0.3203999999999999,,,,,,,0,
matching_vs_bf16serve,qwen3-8b,seed43_ep1,qwen3-8b__seed43_ep1__bf16serve,qwen3-8b__seed43_ep1,test_heldout_docs,exact_repro,paired_bootstrap,0.002,0.002,0.0,0.0,0.0,1.0,0.0,500,1.0
matching_vs_bf16serve,gemma-4-e4b-it,cpt_ep1,gemma-4-e4b-it__cpt_ep1__bf16serve,gemma-4-e4b-it__cpt_ep1,test_trained_exact,judge_lenient,paired_bootstrap,0.534,,,,,,,0,
matching_vs_bf16serve,gemma-4-e4b-it,cpt_ep1,gemma-4-e4b-it__cpt_ep1__bf16serve,gemma-4-e4b-it__cpt_ep1,test_trained_exact,keyfact_recall,paired_bootstrap,0.3325333333333333,,,,,,,0,
matching_vs_bf16serve,gemma-4-e4b-it,cpt_ep1,gemma-4-e4b-it__cpt_ep1__bf16serve,gemma-4-e4b-it__cpt_ep1,test_trained_exact,exact_repro,paired_bootstrap,0.01,0.012,0.002,0.0,0.006,0.6426786606696652,0.0447213595499957,500,1.0
matching_vs_bf16serve,gemma-4-e4b-it,cpt_ep1,gemma-4-e4b-it__cpt_ep1__bf16serve,gemma-4-e4b-it__cpt_ep1,test_seen_facts,judge_lenient,paired_bootstrap,0.553763440860215,,,,,,,0,
matching_vs_bf16serve,gemma-4-e4b-it,cpt_ep1,gemma-4-e4b-it__cpt_ep1__bf16serve,gemma-4-e4b-it__cpt_ep1,test_seen_facts,keyfact_recall,paired_bootstrap,0.3167861409796893,,,,,,,0,
matching_vs_bf16serve,gemma-4-e4b-it,cpt_ep1,gemma-4-e4b-it__cpt_ep1__bf16serve,gemma-4-e4b-it__cpt_ep1,test_seen_facts,exact_repro,paired_bootstrap,0.003584229390681,0.003584229390681,0.0,0.0,0.0,1.0,0.0,279,1.0
matching_vs_bf16serve,gemma-4-e4b-it,cpt_ep1,gemma-4-e4b-it__cpt_ep1__bf16serve,gemma-4-e4b-it__cpt_ep1,test_indomain,judge_lenient,paired_bootstrap,0.547,,,,,,,0,
matching_vs_bf16serve,gemma-4-e4b-it,cpt_ep1,gemma-4-e4b-it__cpt_ep1__bf16serve,gemma-4-e4b-it__cpt_ep1,test_indomain,keyfact_recall,paired_bootstrap,0.3648666666666667,,,,,,,0,
matching_vs_bf16serve,gemma-4-e4b-it,cpt_ep1,gemma-4-e4b-it__cpt_ep1__bf16serve,gemma-4-e4b-it__cpt_ep1,test_indomain,exact_repro,paired_bootstrap,0.008,0.008,0.0,-0.006,0.006,1.0,0.0,500,1.0
matching_vs_bf16serve,gemma-4-e4b-it,cpt_ep1,gemma-4-e4b-it__cpt_ep1__bf16serve,gemma-4-e4b-it__cpt_ep1,test_heldout_docs,judge_lenient,paired_bootstrap,0.533,,,,,,,0,
matching_vs_bf16serve,gemma-4-e4b-it,cpt_ep1,gemma-4-e4b-it__cpt_ep1__bf16serve,gemma-4-e4b-it__cpt_ep1,test_heldout_docs,keyfact_recall,paired_bootstrap,0.3347333333333332,,,,,,,0,
matching_vs_bf16serve,gemma-4-e4b-it,cpt_ep1,gemma-4-e4b-it__cpt_ep1__bf16serve,gemma-4-e4b-it__cpt_ep1,test_heldout_docs,exact_repro,paired_bootstrap,0.008,0.008,0.0,-0.006,0.006,1.0,0.0,500,1.0
matching_vs_bf16serve,gemma-4-e4b-it,ep1,gemma-4-e4b-it__ep1__bf16serve,gemma-4-e4b-it__ep1,test_trained_exact,judge_lenient,paired_bootstrap,0.563,0.566,0.003,-0.0230249999999999,0.029,0.8525737131434283,0.0100183648732824,500,1.0
matching_vs_bf16serve,gemma-4-e4b-it,ep1,gemma-4-e4b-it__ep1__bf16serve,gemma-4-e4b-it__ep1,test_trained_exact,keyfact_recall,paired_bootstrap,0.3646333333333333,0.3761333333333333,0.0115,-0.0142075,0.0369008333333333,0.3693153423288355,0.0406327847230676,500,1.0
matching_vs_bf16serve,gemma-4-e4b-it,ep1,gemma-4-e4b-it__ep1__bf16serve,gemma-4-e4b-it__ep1,test_trained_exact,exact_repro,paired_bootstrap,0.026,0.042,0.016,0.00595,0.028,0.016991504247876,0.1137542632823528,500,1.0
matching_vs_bf16serve,gemma-4-e4b-it,ep1,gemma-4-e4b-it__ep1__bf16serve,gemma-4-e4b-it__ep1,test_seen_facts,judge_lenient,paired_bootstrap,0.5949820788530465,0.5931899641577061,-0.0017921146953405,-0.0376344086021505,0.032258064516129,0.9580209895052474,-0.0060679270571238,279,1.0
matching_vs_bf16serve,gemma-4-e4b-it,ep1,gemma-4-e4b-it__ep1__bf16serve,gemma-4-e4b-it__ep1,test_seen_facts,keyfact_recall,paired_bootstrap,0.3590203106332139,0.3660692951015531,0.0070489844683393,-0.0239545997610513,0.0369787933094384,0.6486756621689156,0.0272883132371614,279,1.0
matching_vs_bf16serve,gemma-4-e4b-it,ep1,gemma-4-e4b-it__ep1__bf16serve,gemma-4-e4b-it__ep1,test_seen_facts,exact_repro,paired_bootstrap,0.014336917562724,0.017921146953405,0.003584229390681,-0.007168458781362,0.017921146953405,0.7611194402798601,0.0345236859717114,279,1.0
matching_vs_bf16serve,gemma-4-e4b-it,ep1,gemma-4-e4b-it__ep1__bf16serve,gemma-4-e4b-it__ep1,test_indomain,judge_lenient,paired_bootstrap,0.553,0.5410821643286573,-0.0110220440881763,-0.0360721442885771,0.0140280561122244,0.4147926036981509,-0.0387990568610821,499,1.0
matching_vs_bf16serve,gemma-4-e4b-it,ep1,gemma-4-e4b-it__ep1__bf16serve,gemma-4-e4b-it__ep1,test_indomain,keyfact_recall,paired_bootstrap,0.3710666666666666,0.3530333333333333,-0.0180333333333333,-0.0394,0.0043699999999999,0.1099450274862568,-0.0692982269723244,500,1.0
matching_vs_bf16serve,gemma-4-e4b-it,ep1,gemma-4-e4b-it__ep1__bf16serve,gemma-4-e4b-it__ep1,test_indomain,exact_repro,paired_bootstrap,0.006,0.006,0.0,0.0,0.0,1.0,0.0,500,1.0
matching_vs_bf16serve,gemma-4-e4b-it,ep1,gemma-4-e4b-it__ep1__bf16serve,gemma-4-e4b-it__ep1,test_heldout_docs,judge_lenient,paired_bootstrap,0.5,0.493,-0.007,-0.032,0.017,0.5942028985507246,-0.0248092495036257,500,1.0
matching_vs_bf16serve,gemma-4-e4b-it,ep1,gemma-4-e4b-it__ep1__bf16serve,gemma-4-e4b-it__ep1,test_heldout_docs,keyfact_recall,paired_bootstrap,0.322,0.3180666666666666,-0.0039333333333333,-0.0259341666666666,0.0181691666666666,0.7406296851574213,-0.01562137253574,500,1.0
matching_vs_bf16serve,gemma-4-e4b-it,ep1,gemma-4-e4b-it__ep1__bf16serve,gemma-4-e4b-it__ep1,test_heldout_docs,exact_repro,paired_bootstrap,0.002,0.002,0.0,0.0,0.0,1.0,0.0,500,1.0
matching_vs_bf16serve,gemma-4-e4b-it,ep2,gemma-4-e4b-it__ep2__bf16serve,gemma-4-e4b-it__ep2,test_trained_exact,judge_lenient,paired_bootstrap,0.614,0.7705410821643287,0.157314629258517,0.1242484969939879,0.1903807615230461,0.0004997501249375,0.4169252615085869,499,0.0179910044977511
matching_vs_bf16serve,gemma-4-e4b-it,ep2,gemma-4-e4b-it__ep2__bf16serve,gemma-4-e4b-it__ep2,test_trained_exact,keyfact_recall,paired_bootstrap,0.422,0.6180333333333333,0.1960333333333333,0.16053,0.2300033333333333,0.0004997501249375,0.4953886571957253,500,0.0179910044977511
matching_vs_bf16serve,gemma-4-e4b-it,ep2,gemma-4-e4b-it__ep2__bf16serve,gemma-4-e4b-it__ep2,test_trained_exact,exact_repro,paired_bootstrap,0.066,0.418,0.352,0.31,0.394,0.0004997501249375,0.7237084100903186,500,0.0364817591204397
matching_vs_bf16serve,gemma-4-e4b-it,ep2,gemma-4-e4b-it__ep2__bf16serve,gemma-4-e4b-it__ep2,test_seen_facts,judge_lenient,paired_bootstrap,0.5985663082437276,0.6218637992831542,0.0232974910394265,-0.014336917562724,0.0627688172043008,0.2618690654672663,0.0685628297830077,279,1.0
matching_vs_bf16serve,gemma-4-e4b-it,ep2,gemma-4-e4b-it__ep2__bf16serve,gemma-4-e4b-it__ep2,test_seen_facts,keyfact_recall,paired_bootstrap,0.3859020310633214,0.414336917562724,0.0284348864994026,-0.0072296893667861,0.0648222819593787,0.1239380309845077,0.0888902601310044,279,1.0
matching_vs_bf16serve,gemma-4-e4b-it,ep2,gemma-4-e4b-it__ep2__bf16serve,gemma-4-e4b-it__ep2,test_seen_facts,exact_repro,paired_bootstrap,0.017921146953405,0.075268817204301,0.057347670250896,0.025089605734767,0.089605734767025,0.0019990004997501,0.2082465277835325,279,0.1239380309845077
matching_vs_bf16serve,gemma-4-e4b-it,ep2,gemma-4-e4b-it__ep2__bf16serve,gemma-4-e4b-it__ep2,test_indomain,judge_lenient,paired_bootstrap,0.53,0.511,-0.019,-0.045,0.006,0.1414292853573213,-0.0632211663477652,500,1.0
matching_vs_bf16serve,gemma-4-e4b-it,ep2,gemma-4-e4b-it__ep2__bf16serve,gemma-4-e4b-it__ep2,test_indomain,keyfact_recall,paired_bootstrap,0.3640666666666667,0.3616333333333333,-0.0024333333333333,-0.0243374999999999,0.0196,0.8200899550224887,-0.0093842896799382,500,1.0
matching_vs_bf16serve,gemma-4-e4b-it,ep2,gemma-4-e4b-it__ep2__bf16serve,gemma-4-e4b-it__ep2,test_indomain,exact_repro,paired_bootstrap,0.0,0.002,0.002,0.0,0.006,0.6296851574212894,0.0447213595499957,500,1.0
matching_vs_bf16serve,gemma-4-e4b-it,ep2,gemma-4-e4b-it__ep2__bf16serve,gemma-4-e4b-it__ep2,test_heldout_docs,judge_lenient,paired_bootstrap,0.498,0.472,-0.026,-0.052,0.002,0.0684657671164417,-0.0859500544054864,500,1.0
matching_vs_bf16serve,gemma-4-e4b-it,ep2,gemma-4-e4b-it__ep2__bf16serve,gemma-4-e4b-it__ep2,test_heldout_docs,keyfact_recall,paired_bootstrap,0.3273,0.3040666666666666,-0.0232333333333333,-0.0449008333333333,-0.0025658333333333,0.0334832583708145,-0.0971645824128498,500,0.7031484257871066
matching_vs_bf16serve,gemma-4-e4b-it,ep2,gemma-4-e4b-it__ep2__bf16serve,gemma-4-e4b-it__ep2,test_heldout_docs,exact_repro,paired_bootstrap,0.002,0.002,0.0,0.0,0.0,1.0,0.0,500,1.0
matching_vs_bf16serve,gemma-4-e4b-it,ep3,gemma-4-e4b-it__ep3__bf16serve,gemma-4-e4b-it__ep3,test_trained_exact,judge_lenient,paired_bootstrap,0.638,0.842,0.204,0.17,0.238,0.0004997501249375,0.5400883922112019,500,0.0179910044977511
matching_vs_bf16serve,gemma-4-e4b-it,ep3,gemma-4-e4b-it__ep3__bf16serve,gemma-4-e4b-it__ep3,test_trained_exact,keyfact_recall,paired_bootstrap,0.432,0.6876,0.2556,0.2215325,0.2885008333333333,0.0004997501249375,0.637434470245165,500,0.0179910044977511
matching_vs_bf16serve,gemma-4-e4b-it,ep3,gemma-4-e4b-it__ep3__bf16serve,gemma-4-e4b-it__ep3,test_trained_exact,exact_repro,paired_bootstrap,0.09,0.59,0.5,0.454,0.544,0.0004997501249375,0.9758535117198062,500,0.0364817591204397
matching_vs_bf16serve,gemma-4-e4b-it,ep3,gemma-4-e4b-it__ep3__bf16serve,gemma-4-e4b-it__ep3,test_seen_facts,judge_lenient,paired_bootstrap,0.6290322580645161,0.6129032258064516,-0.0161290322580645,-0.057347670250896,0.028673835125448,0.495752123938031,-0.0441053312685537,279,1.0
matching_vs_bf16serve,gemma-4-e4b-it,ep3,gemma-4-e4b-it__ep3__bf16serve,gemma-4-e4b-it__ep3,test_seen_facts,keyfact_recall,paired_bootstrap,0.4019713261648746,0.434826762246117,0.0328554360812425,-0.0106332138590203,0.076463560334528,0.136431784107946,0.0903392817869475,279,1.0
matching_vs_bf16serve,gemma-4-e4b-it,ep3,gemma-4-e4b-it__ep3__bf16serve,gemma-4-e4b-it__ep3,test_seen_facts,exact_repro,paired_bootstrap,0.017921146953405,0.075268817204301,0.057347670250896,0.028673835125448,0.089605734767025,0.000999500249875,0.2188876484497791,279,0.0629685157421289
matching_vs_bf16serve,gemma-4-e4b-it,ep3,gemma-4-e4b-it__ep3__bf16serve,gemma-4-e4b-it__ep3,test_indomain,judge_lenient,paired_bootstrap,0.532,0.496,-0.036,-0.065,-0.01,0.0114942528735632,-0.1133298752720157,500,0.2988505747126436
matching_vs_bf16serve,gemma-4-e4b-it,ep3,gemma-4-e4b-it__ep3__bf16serve,gemma-4-e4b-it__ep3,test_indomain,keyfact_recall,paired_bootstrap,0.3686333333333333,0.3548,-0.0138333333333333,-0.0371058333333333,0.0100333333333333,0.2603698150924537,-0.0496812464425297,500,1.0
matching_vs_bf16serve,gemma-4-e4b-it,ep3,gemma-4-e4b-it__ep3__bf16serve,gemma-4-e4b-it__ep3,test_indomain,exact_repro,paired_bootstrap,0.0,0.002,0.002,0.0,0.006,0.6296851574212894,0.0447213595499957,500,1.0
matching_vs_bf16serve,gemma-4-e4b-it,ep3,gemma-4-e4b-it__ep3__bf16serve,gemma-4-e4b-it__ep3,test_heldout_docs,judge_lenient,paired_bootstrap,0.484,0.449,-0.035,-0.063,-0.008,0.0124937531234382,-0.1138767448622368,500,0.312343828085957
matching_vs_bf16serve,gemma-4-e4b-it,ep3,gemma-4-e4b-it__ep3__bf16serve,gemma-4-e4b-it__ep3,test_heldout_docs,keyfact_recall,paired_bootstrap,0.3354,0.2846333333333333,-0.0507666666666666,-0.0755,-0.0267641666666666,0.0004997501249375,-0.1867172745304908,500,0.0179910044977511
matching_vs_bf16serve,gemma-4-e4b-it,ep3,gemma-4-e4b-it__ep3__bf16serve,gemma-4-e4b-it__ep3,test_heldout_docs,exact_repro,paired_bootstrap,0.002,0.0,-0.002,-0.0060499999999999,0.0,0.631184407796102,-0.0447213595499957,500,1.0
matching_vs_bf16serve,gemma-4-e4b-it,ft1run,gemma-4-e4b-it__ft1run__bf16serve,gemma-4-e4b-it__ft1run,test_trained_exact,judge_lenient,paired_bootstrap,0.547,,,,,,,0,
matching_vs_bf16serve,gemma-4-e4b-it,ft1run,gemma-4-e4b-it__ft1run__bf16serve,gemma-4-e4b-it__ft1run,test_trained_exact,keyfact_recall,paired_bootstrap,0.3489666666666666,,,,,,,0,
matching_vs_bf16serve,gemma-4-e4b-it,ft1run,gemma-4-e4b-it__ft1run__bf16serve,gemma-4-e4b-it__ft1run,test_trained_exact,exact_repro,paired_bootstrap,0.014,0.028,0.014,0.002,0.026,0.0309845077461269,0.1048176728981621,500,1.0
matching_vs_bf16serve,gemma-4-e4b-it,ft1run,gemma-4-e4b-it__ft1run__bf16serve,gemma-4-e4b-it__ft1run,test_seen_facts,judge_lenient,paired_bootstrap,0.5842293906810035,,,,,,,0,
matching_vs_bf16serve,gemma-4-e4b-it,ft1run,gemma-4-e4b-it__ft1run__bf16serve,gemma-4-e4b-it__ft1run,test_seen_facts,keyfact_recall,paired_bootstrap,0.3501194743130227,,,,,,,0,
matching_vs_bf16serve,gemma-4-e4b-it,ft1run,gemma-4-e4b-it__ft1run__bf16serve,gemma-4-e4b-it__ft1run,test_seen_facts,exact_repro,paired_bootstrap,0.003584229390681,0.007168458781362,0.003584229390681,0.0,0.010752688172043,0.6301849075462269,0.0598684340089249,279,1.0
matching_vs_bf16serve,gemma-4-e4b-it,ft1run,gemma-4-e4b-it__ft1run__bf16serve,gemma-4-e4b-it__ft1run,test_indomain,judge_lenient,paired_bootstrap,0.543,,,,,,,0,
matching_vs_bf16serve,gemma-4-e4b-it,ft1run,gemma-4-e4b-it__ft1run__bf16serve,gemma-4-e4b-it__ft1run,test_indomain,keyfact_recall,paired_bootstrap,0.3796666666666667,,,,,,,0,
matching_vs_bf16serve,gemma-4-e4b-it,ft1run,gemma-4-e4b-it__ft1run__bf16serve,gemma-4-e4b-it__ft1run,test_indomain,exact_repro,paired_bootstrap,0.006,0.004,-0.002,-0.006,0.0,0.631184407796102,-0.0447213595499957,500,1.0
matching_vs_bf16serve,gemma-4-e4b-it,ft1run,gemma-4-e4b-it__ft1run__bf16serve,gemma-4-e4b-it__ft1run,test_heldout_docs,judge_lenient,paired_bootstrap,0.518,,,,,,,0,
matching_vs_bf16serve,gemma-4-e4b-it,ft1run,gemma-4-e4b-it__ft1run__bf16serve,gemma-4-e4b-it__ft1run,test_heldout_docs,keyfact_recall,paired_bootstrap,0.3573666666666666,,,,,,,0,
matching_vs_bf16serve,gemma-4-e4b-it,ft1run,gemma-4-e4b-it__ft1run__bf16serve,gemma-4-e4b-it__ft1run,test_heldout_docs,exact_repro,paired_bootstrap,0.004,0.006,0.002,-0.004,0.01,0.7656171914042978,0.0258026584829908,500,1.0
matching_vs_bf16serve,gemma-4-e4b-it,seed43_ep1,gemma-4-e4b-it__seed43_ep1__bf16serve,gemma-4-e4b-it__seed43_ep1,test_seen_facts,judge_lenient,paired_bootstrap,0.5716845878136201,,,,,,,0,
matching_vs_bf16serve,gemma-4-e4b-it,seed43_ep1,gemma-4-e4b-it__seed43_ep1__bf16serve,gemma-4-e4b-it__seed43_ep1,test_seen_facts,keyfact_recall,paired_bootstrap,0.3600955794504181,,,,,,,0,
matching_vs_bf16serve,gemma-4-e4b-it,seed43_ep1,gemma-4-e4b-it__seed43_ep1__bf16serve,gemma-4-e4b-it__seed43_ep1,test_seen_facts,exact_repro,paired_bootstrap,0.003584229390681,0.007168458781362,0.003584229390681,0.0,0.010752688172043,0.6296851574212894,0.0598684340089249,279,1.0
matching_vs_bf16serve,gemma-4-e4b-it,seed43_ep1,gemma-4-e4b-it__seed43_ep1__bf16serve,gemma-4-e4b-it__seed43_ep1,test_indomain,judge_lenient,paired_bootstrap,0.531,,,,,,,0,
matching_vs_bf16serve,gemma-4-e4b-it,seed43_ep1,gemma-4-e4b-it__seed43_ep1__bf16serve,gemma-4-e4b-it__seed43_ep1,test_indomain,keyfact_recall,paired_bootstrap,0.3755666666666666,,,,,,,0,
matching_vs_bf16serve,gemma-4-e4b-it,seed43_ep1,gemma-4-e4b-it__seed43_ep1__bf16serve,gemma-4-e4b-it__seed43_ep1,test_indomain,exact_repro,paired_bootstrap,0.002,0.004,0.002,-0.004,0.01,0.7531234382808596,0.0258026584829908,500,1.0
matching_vs_bf16serve,gemma-4-e4b-it,seed43_ep1,gemma-4-e4b-it__seed43_ep1__bf16serve,gemma-4-e4b-it__seed43_ep1,test_heldout_docs,judge_lenient,paired_bootstrap,0.495,,,,,,,0,
matching_vs_bf16serve,gemma-4-e4b-it,seed43_ep1,gemma-4-e4b-it__seed43_ep1__bf16serve,gemma-4-e4b-it__seed43_ep1,test_heldout_docs,keyfact_recall,paired_bootstrap,0.3315666666666667,,,,,,,0,
matching_vs_bf16serve,gemma-4-e4b-it,seed43_ep1,gemma-4-e4b-it__seed43_ep1__bf16serve,gemma-4-e4b-it__seed43_ep1,test_heldout_docs,exact_repro,paired_bootstrap,0.004,0.002,-0.002,-0.006,0.0,0.6206896551724138,-0.0447213595499957,500,1.0
matching_vs_bf16serve,llama-3.1-8b-instruct,cpt_ep1,llama-3.1-8b-instruct__cpt_ep1__bf16serve,llama-3.1-8b-instruct__cpt_ep1,test_trained_exact,judge_lenient,paired_bootstrap,0.564128256513026,,,,,,,0,
matching_vs_bf16serve,llama-3.1-8b-instruct,cpt_ep1,llama-3.1-8b-instruct__cpt_ep1__bf16serve,llama-3.1-8b-instruct__cpt_ep1,test_trained_exact,keyfact_recall,paired_bootstrap,0.4055333333333333,,,,,,,0,
matching_vs_bf16serve,llama-3.1-8b-instruct,cpt_ep1,llama-3.1-8b-instruct__cpt_ep1__bf16serve,llama-3.1-8b-instruct__cpt_ep1,test_trained_exact,exact_repro,paired_bootstrap,0.026,0.04,0.014,0.002,0.028,0.0504747626186906,0.0947164080047967,500,1.0
matching_vs_bf16serve,llama-3.1-8b-instruct,cpt_ep1,llama-3.1-8b-instruct__cpt_ep1__bf16serve,llama-3.1-8b-instruct__cpt_ep1,test_seen_facts,judge_lenient,paired_bootstrap,0.5716845878136201,,,,,,,0,
matching_vs_bf16serve,llama-3.1-8b-instruct,cpt_ep1,llama-3.1-8b-instruct__cpt_ep1__bf16serve,llama-3.1-8b-instruct__cpt_ep1,test_seen_facts,keyfact_recall,paired_bootstrap,0.3716248506571087,,,,,,,0,
matching_vs_bf16serve,llama-3.1-8b-instruct,cpt_ep1,llama-3.1-8b-instruct__cpt_ep1__bf16serve,llama-3.1-8b-instruct__cpt_ep1,test_seen_facts,exact_repro,paired_bootstrap,0.007168458781362,0.017921146953405,0.010752688172043,0.0,0.025089605734767,0.127936031984008,0.1040701984348795,279,1.0
matching_vs_bf16serve,llama-3.1-8b-instruct,cpt_ep1,llama-3.1-8b-instruct__cpt_ep1__bf16serve,llama-3.1-8b-instruct__cpt_ep1,test_indomain,judge_lenient,paired_bootstrap,0.539,,,,,,,0,
matching_vs_bf16serve,llama-3.1-8b-instruct,cpt_ep1,llama-3.1-8b-instruct__cpt_ep1__bf16serve,llama-3.1-8b-instruct__cpt_ep1,test_indomain,keyfact_recall,paired_bootstrap,0.3737666666666666,,,,,,,0,
matching_vs_bf16serve,llama-3.1-8b-instruct,cpt_ep1,llama-3.1-8b-instruct__cpt_ep1__bf16serve,llama-3.1-8b-instruct__cpt_ep1,test_indomain,exact_repro,paired_bootstrap,0.002,0.002,0.0,0.0,0.0,1.0,0.0,500,1.0
matching_vs_bf16serve,llama-3.1-8b-instruct,cpt_ep1,llama-3.1-8b-instruct__cpt_ep1__bf16serve,llama-3.1-8b-instruct__cpt_ep1,test_heldout_docs,judge_lenient,paired_bootstrap,0.502,,,,,,,0,
matching_vs_bf16serve,llama-3.1-8b-instruct,cpt_ep1,llama-3.1-8b-instruct__cpt_ep1__bf16serve,llama-3.1-8b-instruct__cpt_ep1,test_heldout_docs,keyfact_recall,paired_bootstrap,0.3397666666666666,,,,,,,0,
matching_vs_bf16serve,llama-3.1-8b-instruct,cpt_ep1,llama-3.1-8b-instruct__cpt_ep1__bf16serve,llama-3.1-8b-instruct__cpt_ep1,test_heldout_docs,exact_repro,paired_bootstrap,0.004,0.006,0.002,0.0,0.008,0.6306846576711644,0.0447213595499957,500,1.0
matching_vs_bf16serve,llama-3.1-8b-instruct,cpt_ep2,llama-3.1-8b-instruct__cpt_ep2__bf16serve,llama-3.1-8b-instruct__cpt_ep2,test_trained_exact,judge_lenient,paired_bootstrap,0.735,,,,,,,0,
matching_vs_bf16serve,llama-3.1-8b-instruct,cpt_ep2,llama-3.1-8b-instruct__cpt_ep2__bf16serve,llama-3.1-8b-instruct__cpt_ep2,test_trained_exact,keyfact_recall,paired_bootstrap,0.5829666666666667,,,,,,,0,
matching_vs_bf16serve,llama-3.1-8b-instruct,cpt_ep2,llama-3.1-8b-instruct__cpt_ep2__bf16serve,llama-3.1-8b-instruct__cpt_ep2,test_trained_exact,exact_repro,paired_bootstrap,0.308,0.51,0.202,0.162,0.2420499999999997,0.0004997501249375,0.4412045189713682,500,0.0364817591204397
matching_vs_bf16serve,llama-3.1-8b-instruct,cpt_ep2,llama-3.1-8b-instruct__cpt_ep2__bf16serve,llama-3.1-8b-instruct__cpt_ep2,test_seen_facts,judge_lenient,paired_bootstrap,0.6200716845878136,,,,,,,0,
matching_vs_bf16serve,llama-3.1-8b-instruct,cpt_ep2,llama-3.1-8b-instruct__cpt_ep2__bf16serve,llama-3.1-8b-instruct__cpt_ep2,test_seen_facts,keyfact_recall,paired_bootstrap,0.4186977299880525,,,,,,,0,
matching_vs_bf16serve,llama-3.1-8b-instruct,cpt_ep2,llama-3.1-8b-instruct__cpt_ep2__bf16serve,llama-3.1-8b-instruct__cpt_ep2,test_seen_facts,exact_repro,paired_bootstrap,0.075268817204301,0.1218637992831541,0.046594982078853,0.014336917562724,0.078853046594982,0.0064967516241879,0.1720313175155812,279,0.3963018490754622
matching_vs_bf16serve,llama-3.1-8b-instruct,cpt_ep2,llama-3.1-8b-instruct__cpt_ep2__bf16serve,llama-3.1-8b-instruct__cpt_ep2,test_indomain,judge_lenient,paired_bootstrap,0.528,,,,,,,0,
matching_vs_bf16serve,llama-3.1-8b-instruct,cpt_ep2,llama-3.1-8b-instruct__cpt_ep2__bf16serve,llama-3.1-8b-instruct__cpt_ep2,test_indomain,keyfact_recall,paired_bootstrap,0.3734333333333333,,,,,,,0,
matching_vs_bf16serve,llama-3.1-8b-instruct,cpt_ep2,llama-3.1-8b-instruct__cpt_ep2__bf16serve,llama-3.1-8b-instruct__cpt_ep2,test_indomain,exact_repro,paired_bootstrap,0.0,0.0,0.0,0.0,0.0,1.0,0.0,500,1.0
matching_vs_bf16serve,llama-3.1-8b-instruct,cpt_ep2,llama-3.1-8b-instruct__cpt_ep2__bf16serve,llama-3.1-8b-instruct__cpt_ep2,test_heldout_docs,judge_lenient,paired_bootstrap,0.469,,,,,,,0,
matching_vs_bf16serve,llama-3.1-8b-instruct,cpt_ep2,llama-3.1-8b-instruct__cpt_ep2__bf16serve,llama-3.1-8b-instruct__cpt_ep2,test_heldout_docs,keyfact_recall,paired_bootstrap,0.3228666666666667,,,,,,,0,
matching_vs_bf16serve,llama-3.1-8b-instruct,cpt_ep2,llama-3.1-8b-instruct__cpt_ep2__bf16serve,llama-3.1-8b-instruct__cpt_ep2,test_heldout_docs,exact_repro,paired_bootstrap,0.002,0.002,0.0,0.0,0.0,1.0,0.0,500,1.0
matching_vs_bf16serve,llama-3.1-8b-instruct,ep1,llama-3.1-8b-instruct__ep1__bf16serve,llama-3.1-8b-instruct__ep1,test_trained_exact,judge_lenient,paired_bootstrap,0.607,0.636,0.029,0.001,0.056,0.0424787606196901,0.0917709032018317,500,0.9345327336331836
matching_vs_bf16serve,llama-3.1-8b-instruct,ep1,llama-3.1-8b-instruct__ep1__bf16serve,llama-3.1-8b-instruct__ep1,test_trained_exact,keyfact_recall,paired_bootstrap,0.4298666666666667,0.4603333333333333,0.0304666666666666,0.0060325,0.0554008333333333,0.0129935032483758,0.1079976540552258,500,0.2988505747126436
matching_vs_bf16serve,llama-3.1-8b-instruct,ep1,llama-3.1-8b-instruct__ep1__bf16serve,llama-3.1-8b-instruct__ep1,test_trained_exact,exact_repro,paired_bootstrap,0.08,0.136,0.056,0.03395,0.08,0.0004997501249375,0.207251075616781,500,0.0364817591204397
matching_vs_bf16serve,llama-3.1-8b-instruct,ep1,llama-3.1-8b-instruct__ep1__bf16serve,llama-3.1-8b-instruct__ep1,test_seen_facts,judge_lenient,paired_bootstrap,0.6146953405017921,0.6093189964157706,-0.0053763440860215,-0.043010752688172,0.028673835125448,0.8140929535232384,-0.0171747519625791,279,1.0
matching_vs_bf16serve,llama-3.1-8b-instruct,ep1,llama-3.1-8b-instruct__ep1__bf16serve,llama-3.1-8b-instruct__ep1,test_seen_facts,keyfact_recall,paired_bootstrap,0.3871565113500598,0.4065113500597371,0.0193548387096774,-0.0121908602150537,0.0518518518518518,0.2428785607196401,0.06962986299893,279,1.0
matching_vs_bf16serve,llama-3.1-8b-instruct,ep1,llama-3.1-8b-instruct__ep1__bf16serve,llama-3.1-8b-instruct__ep1,test_seen_facts,exact_repro,paired_bootstrap,0.025089605734767,0.043010752688172,0.017921146953405,0.003584229390681,0.03584229390681,0.0464767616191904,0.1348435001646961,279,1.0
matching_vs_bf16serve,llama-3.1-8b-instruct,ep1,llama-3.1-8b-instruct__ep1__bf16serve,llama-3.1-8b-instruct__ep1,test_indomain,judge_lenient,paired_bootstrap,0.525,0.507,-0.018,-0.043,0.006,0.1509245377311344,-0.0645199985882509,500,1.0
matching_vs_bf16serve,llama-3.1-8b-instruct,ep1,llama-3.1-8b-instruct__ep1__bf16serve,llama-3.1-8b-instruct__ep1,test_indomain,keyfact_recall,paired_bootstrap,0.372,0.3402333333333333,-0.0317666666666666,-0.0522674999999999,-0.0108625,0.0039980009995002,-0.1335618205473001,500,0.1039480259870064
matching_vs_bf16serve,llama-3.1-8b-instruct,ep1,llama-3.1-8b-instruct__ep1__bf16serve,llama-3.1-8b-instruct__ep1,test_indomain,exact_repro,paired_bootstrap,0.002,0.002,0.0,0.0,0.0,1.0,0.0,500,1.0
matching_vs_bf16serve,llama-3.1-8b-instruct,ep1,llama-3.1-8b-instruct__ep1__bf16serve,llama-3.1-8b-instruct__ep1,test_heldout_docs,judge_lenient,paired_bootstrap,0.46,0.445,-0.015,-0.04,0.01,0.2563718140929535,-0.0522423355393603,500,1.0
matching_vs_bf16serve,llama-3.1-8b-instruct,ep1,llama-3.1-8b-instruct__ep1__bf16serve,llama-3.1-8b-instruct__ep1,test_heldout_docs,keyfact_recall,paired_bootstrap,0.3245666666666666,0.3131,-0.0114666666666666,-0.0331008333333333,0.0114,0.2983508245877061,-0.0458058512467715,500,1.0
matching_vs_bf16serve,llama-3.1-8b-instruct,ep1,llama-3.1-8b-instruct__ep1__bf16serve,llama-3.1-8b-instruct__ep1,test_heldout_docs,exact_repro,paired_bootstrap,0.002,0.002,0.0,0.0,0.0,1.0,0.0,500,1.0
matching_vs_bf16serve,llama-3.1-8b-instruct,ep2,llama-3.1-8b-instruct__ep2__bf16serve,llama-3.1-8b-instruct__ep2,test_trained_exact,judge_lenient,paired_bootstrap,0.853,0.963,0.11,0.087,0.1350249999999998,0.0004997501249375,0.4015291199638019,500,0.0179910044977511
matching_vs_bf16serve,llama-3.1-8b-instruct,ep2,llama-3.1-8b-instruct__ep2__bf16serve,llama-3.1-8b-instruct__ep2,test_trained_exact,keyfact_recall,paired_bootstrap,0.7257,0.8230666666666666,0.0973666666666666,0.0703883333333333,0.1225391666666666,0.0004997501249375,0.3261974562069448,500,0.0179910044977511
matching_vs_bf16serve,llama-3.1-8b-instruct,ep2,llama-3.1-8b-instruct__ep2__bf16serve,llama-3.1-8b-instruct__ep2,test_trained_exact,exact_repro,paired_bootstrap,0.658,0.9,0.242,0.20395,0.284,0.0004997501249375,0.5114510360043278,500,0.0364817591204397
matching_vs_bf16serve,llama-3.1-8b-instruct,ep2,llama-3.1-8b-instruct__ep2__bf16serve,llama-3.1-8b-instruct__ep2,test_seen_facts,judge_lenient,paired_bootstrap,0.6738351254480287,0.7186379928315412,0.0448028673835125,0.0089605734767025,0.0806451612903225,0.0179910044977511,0.1432596514365667,279,0.4317841079460269
matching_vs_bf16serve,llama-3.1-8b-instruct,ep2,llama-3.1-8b-instruct__ep2__bf16serve,llama-3.1-8b-instruct__ep2,test_seen_facts,keyfact_recall,paired_bootstrap,0.4870967741935484,0.5442652329749104,0.057168458781362,0.0161260454002389,0.0973730585424133,0.0059970014992503,0.167071614058383,279,0.1499250374812593
matching_vs_bf16serve,llama-3.1-8b-instruct,ep2,llama-3.1-8b-instruct__ep2__bf16serve,llama-3.1-8b-instruct__ep2,test_seen_facts,exact_repro,paired_bootstrap,0.1254480286738351,0.2652329749103942,0.1397849462365591,0.0967741935483871,0.1863799283154122,0.0004997501249375,0.3453395352995614,279,0.0364817591204397
matching_vs_bf16serve,llama-3.1-8b-instruct,ep2,llama-3.1-8b-instruct__ep2__bf16serve,llama-3.1-8b-instruct__ep2,test_indomain,judge_lenient,paired_bootstrap,0.496,0.501,0.005,-0.024,0.035,0.7551224387806097,0.0159988458162829,500,1.0
matching_vs_bf16serve,llama-3.1-8b-instruct,ep2,llama-3.1-8b-instruct__ep2__bf16serve,llama-3.1-8b-instruct__ep2,test_indomain,keyfact_recall,paired_bootstrap,0.3715,0.3502,-0.0213,-0.0476675,0.0027691666666666,0.0994502748625687,-0.0743647661652584,500,1.0
matching_vs_bf16serve,llama-3.1-8b-instruct,ep2,llama-3.1-8b-instruct__ep2__bf16serve,llama-3.1-8b-instruct__ep2,test_indomain,exact_repro,paired_bootstrap,0.0,0.002,0.002,0.0,0.006,0.6296851574212894,0.0447213595499957,500,1.0
matching_vs_bf16serve,llama-3.1-8b-instruct,ep2,llama-3.1-8b-instruct__ep2__bf16serve,llama-3.1-8b-instruct__ep2,test_heldout_docs,judge_lenient,paired_bootstrap,0.465,0.452,-0.013,-0.039,0.013,0.3618190904547726,-0.0436970430337171,500,1.0
matching_vs_bf16serve,llama-3.1-8b-instruct,ep2,llama-3.1-8b-instruct__ep2__bf16serve,llama-3.1-8b-instruct__ep2,test_heldout_docs,keyfact_recall,paired_bootstrap,0.3108999999999999,0.2995333333333333,-0.0113666666666666,-0.0336008333333333,0.0111724999999999,0.328335832083958,-0.0428974604078722,500,1.0
matching_vs_bf16serve,llama-3.1-8b-instruct,ep2,llama-3.1-8b-instruct__ep2__bf16serve,llama-3.1-8b-instruct__ep2,test_heldout_docs,exact_repro,paired_bootstrap,0.002,0.0,-0.002,-0.006,0.0,0.6346826586706646,-0.0447213595499957,500,1.0
matching_vs_bf16serve,llama-3.1-8b-instruct,ep3,llama-3.1-8b-instruct__ep3__bf16serve,llama-3.1-8b-instruct__ep3,test_trained_exact,judge_lenient,paired_bootstrap,0.896,0.986,0.09,0.071,0.112,0.0004997501249375,0.373653021278941,500,0.0179910044977511
matching_vs_bf16serve,llama-3.1-8b-instruct,ep3,llama-3.1-8b-instruct__ep3__bf16serve,llama-3.1-8b-instruct__ep3,test_trained_exact,keyfact_recall,paired_bootstrap,0.7512666666666666,0.8514333333333334,0.1001666666666666,0.0791324999999999,0.1217674999999999,0.0004997501249375,0.4038153220441478,500,0.0179910044977511
matching_vs_bf16serve,llama-3.1-8b-instruct,ep3,llama-3.1-8b-instruct__ep3__bf16serve,llama-3.1-8b-instruct__ep3,test_trained_exact,exact_repro,paired_bootstrap,0.742,0.954,0.212,0.176,0.25,0.0004997501249375,0.5005030085318761,500,0.0364817591204397
matching_vs_bf16serve,llama-3.1-8b-instruct,ep3,llama-3.1-8b-instruct__ep3__bf16serve,llama-3.1-8b-instruct__ep3,test_seen_facts,judge_lenient,paired_bootstrap,0.6541218637992832,0.7186379928315412,0.064516129032258,0.025089605734767,0.1039426523297491,0.0004997501249375,0.1921543162611297,279,0.0179910044977511
matching_vs_bf16serve,llama-3.1-8b-instruct,ep3,llama-3.1-8b-instruct__ep3__bf16serve,llama-3.1-8b-instruct__ep3,test_seen_facts,keyfact_recall,paired_bootstrap,0.484826762246117,0.5554360812425329,0.0706093189964157,0.0306436678614097,0.1115486857825566,0.000999500249875,0.2090816894515304,279,0.0289855072463768
matching_vs_bf16serve,llama-3.1-8b-instruct,ep3,llama-3.1-8b-instruct__ep3__bf16serve,llama-3.1-8b-instruct__ep3,test_seen_facts,exact_repro,paired_bootstrap,0.1433691756272401,0.2688172043010752,0.1254480286738351,0.078853046594982,0.1720430107526881,0.0004997501249375,0.3204305700960097,279,0.0364817591204397
matching_vs_bf16serve,llama-3.1-8b-instruct,ep3,llama-3.1-8b-instruct__ep3__bf16serve,llama-3.1-8b-instruct__ep3,test_indomain,judge_lenient,paired_bootstrap,0.514,0.49,-0.024,-0.051,0.003,0.0984507746126936,-0.0768145576611701,500,1.0
matching_vs_bf16serve,llama-3.1-8b-instruct,ep3,llama-3.1-8b-instruct__ep3__bf16serve,llama-3.1-8b-instruct__ep3,test_indomain,keyfact_recall,paired_bootstrap,0.3711,0.3462,-0.0249,-0.0485016666666666,-0.0001325,0.0434782608695652,-0.0908380486074995,500,0.8695652173913043
matching_vs_bf16serve,llama-3.1-8b-instruct,ep3,llama-3.1-8b-instruct__ep3__bf16serve,llama-3.1-8b-instruct__ep3,test_indomain,exact_repro,paired_bootstrap,0.0,0.0,0.0,0.0,0.0,1.0,0.0,500,1.0
matching_vs_bf16serve,llama-3.1-8b-instruct,ep3,llama-3.1-8b-instruct__ep3__bf16serve,llama-3.1-8b-instruct__ep3,test_heldout_docs,judge_lenient,paired_bootstrap,0.462,0.44,-0.022,-0.047,0.003,0.0914542728635682,-0.0765101173132483,500,1.0
matching_vs_bf16serve,llama-3.1-8b-instruct,ep3,llama-3.1-8b-instruct__ep3__bf16serve,llama-3.1-8b-instruct__ep3,test_heldout_docs,keyfact_recall,paired_bootstrap,0.3080666666666666,0.3107666666666666,0.0027,-0.0192016666666666,0.0258666666666666,0.8110944527736131,0.0101933794639679,500,1.0
matching_vs_bf16serve,llama-3.1-8b-instruct,ep3,llama-3.1-8b-instruct__ep3__bf16serve,llama-3.1-8b-instruct__ep3,test_heldout_docs,exact_repro,paired_bootstrap,0.002,0.0,-0.002,-0.006,0.0,0.6346826586706646,-0.0447213595499957,500,1.0
matching_vs_bf16serve,llama-3.1-8b-instruct,ft1run,llama-3.1-8b-instruct__ft1run__bf16serve,llama-3.1-8b-instruct__ft1run,test_trained_exact,judge_lenient,paired_bootstrap,0.571,,,,,,,0,
matching_vs_bf16serve,llama-3.1-8b-instruct,ft1run,llama-3.1-8b-instruct__ft1run__bf16serve,llama-3.1-8b-instruct__ft1run,test_trained_exact,keyfact_recall,paired_bootstrap,0.3778333333333333,,,,,,,0,
matching_vs_bf16serve,llama-3.1-8b-instruct,ft1run,llama-3.1-8b-instruct__ft1run__bf16serve,llama-3.1-8b-instruct__ft1run,test_trained_exact,exact_repro,paired_bootstrap,0.04,0.054,0.014,-0.002,0.03,0.1159420289855072,0.0760692719695136,500,1.0
matching_vs_bf16serve,llama-3.1-8b-instruct,ft1run,llama-3.1-8b-instruct__ft1run__bf16serve,llama-3.1-8b-instruct__ft1run,test_seen_facts,judge_lenient,paired_bootstrap,0.5953237410071942,,,,,,,0,
matching_vs_bf16serve,llama-3.1-8b-instruct,ft1run,llama-3.1-8b-instruct__ft1run__bf16serve,llama-3.1-8b-instruct__ft1run,test_seen_facts,keyfact_recall,paired_bootstrap,0.3577658303464755,,,,,,,0,
matching_vs_bf16serve,llama-3.1-8b-instruct,ft1run,llama-3.1-8b-instruct__ft1run__bf16serve,llama-3.1-8b-instruct__ft1run,test_seen_facts,exact_repro,paired_bootstrap,0.014336917562724,0.014336917562724,0.0,-0.010752688172043,0.010752688172043,1.0,0.0,279,1.0
matching_vs_bf16serve,llama-3.1-8b-instruct,ft1run,llama-3.1-8b-instruct__ft1run__bf16serve,llama-3.1-8b-instruct__ft1run,test_indomain,judge_lenient,paired_bootstrap,0.52,,,,,,,0,
matching_vs_bf16serve,llama-3.1-8b-instruct,ft1run,llama-3.1-8b-instruct__ft1run__bf16serve,llama-3.1-8b-instruct__ft1run,test_indomain,keyfact_recall,paired_bootstrap,0.3752666666666666,,,,,,,0,
matching_vs_bf16serve,llama-3.1-8b-instruct,ft1run,llama-3.1-8b-instruct__ft1run__bf16serve,llama-3.1-8b-instruct__ft1run,test_indomain,exact_repro,paired_bootstrap,0.004,0.004,0.0,-0.006,0.006,1.0,0.0,500,1.0
matching_vs_bf16serve,llama-3.1-8b-instruct,ft1run,llama-3.1-8b-instruct__ft1run__bf16serve,llama-3.1-8b-instruct__ft1run,test_heldout_docs,judge_lenient,paired_bootstrap,0.485,,,,,,,0,
matching_vs_bf16serve,llama-3.1-8b-instruct,ft1run,llama-3.1-8b-instruct__ft1run__bf16serve,llama-3.1-8b-instruct__ft1run,test_heldout_docs,keyfact_recall,paired_bootstrap,0.3325333333333333,,,,,,,0,
matching_vs_bf16serve,llama-3.1-8b-instruct,ft1run,llama-3.1-8b-instruct__ft1run__bf16serve,llama-3.1-8b-instruct__ft1run,test_heldout_docs,exact_repro,paired_bootstrap,0.002,0.004,0.002,-0.004,0.01,0.7741129435282359,0.0258026584829908,500,1.0
matching_vs_bf16serve,llama-3.1-8b-instruct,seed43_ep1,llama-3.1-8b-instruct__seed43_ep1__bf16serve,llama-3.1-8b-instruct__seed43_ep1,test_seen_facts,judge_lenient,paired_bootstrap,0.600358422939068,,,,,,,0,
matching_vs_bf16serve,llama-3.1-8b-instruct,seed43_ep1,llama-3.1-8b-instruct__seed43_ep1__bf16serve,llama-3.1-8b-instruct__seed43_ep1,test_seen_facts,keyfact_recall,paired_bootstrap,0.379689366786141,,,,,,,0,
matching_vs_bf16serve,llama-3.1-8b-instruct,seed43_ep1,llama-3.1-8b-instruct__seed43_ep1__bf16serve,llama-3.1-8b-instruct__seed43_ep1,test_seen_facts,exact_repro,paired_bootstrap,0.028673835125448,0.043010752688172,0.014336917562724,-0.007168458781362,0.03584229390681,0.2618690654672663,0.0758100982142734,279,1.0
matching_vs_bf16serve,llama-3.1-8b-instruct,seed43_ep1,llama-3.1-8b-instruct__seed43_ep1__bf16serve,llama-3.1-8b-instruct__seed43_ep1,test_indomain,judge_lenient,paired_bootstrap,0.521,,,,,,,0,
matching_vs_bf16serve,llama-3.1-8b-instruct,seed43_ep1,llama-3.1-8b-instruct__seed43_ep1__bf16serve,llama-3.1-8b-instruct__seed43_ep1,test_indomain,keyfact_recall,paired_bootstrap,0.3580666666666666,,,,,,,0,
matching_vs_bf16serve,llama-3.1-8b-instruct,seed43_ep1,llama-3.1-8b-instruct__seed43_ep1__bf16serve,llama-3.1-8b-instruct__seed43_ep1,test_indomain,exact_repro,paired_bootstrap,0.002,0.004,0.002,0.0,0.006,0.6401799100449775,0.0447213595499957,500,1.0
matching_vs_bf16serve,llama-3.1-8b-instruct,seed43_ep1,llama-3.1-8b-instruct__seed43_ep1__bf16serve,llama-3.1-8b-instruct__seed43_ep1,test_heldout_docs,judge_lenient,paired_bootstrap,0.474,,,,,,,0,
matching_vs_bf16serve,llama-3.1-8b-instruct,seed43_ep1,llama-3.1-8b-instruct__seed43_ep1__bf16serve,llama-3.1-8b-instruct__seed43_ep1,test_heldout_docs,keyfact_recall,paired_bootstrap,0.3149666666666667,,,,,,,0,
matching_vs_bf16serve,llama-3.1-8b-instruct,seed43_ep1,llama-3.1-8b-instruct__seed43_ep1__bf16serve,llama-3.1-8b-instruct__seed43_ep1,test_heldout_docs,exact_repro,paired_bootstrap,0.002,0.002,0.0,0.0,0.0,1.0,0.0,500,1.0
