family,split,metric,seed42,seed42_lo,seed42_hi,seed43,seed43_lo,seed43_hi,diff_43_minus_42,abs_diff,diff_lo,diff_hi,p,n
gemma-4-e4b-it,test_indomain,token_f1,0.3694158157760042,0.35792924951025806,0.3801215244841072,0.3735883518741396,0.36208369233348064,0.3853143548758502,0.004172536098135341,0.004172536098135341,-0.004599322065472447,0.013502442239223438,0.33483258370814595,500.0
gemma-4-e4b-it,test_indomain,rouge_l,0.28023962840085337,0.2692247031886347,0.2907286197597061,0.28412080765982445,0.2731582649857247,0.29530242878896285,0.003881179258971056,0.003881179258971056,-0.003776342490627452,0.011648610260656668,0.30634682658670664,500.0
gemma-4-e4b-it,test_indomain,keyfact_recall,0.37106666666666666,0.33882750000000006,0.40166999999999997,0.37556666666666666,0.34513333333333335,0.406035,0.004500000000000001,0.004500000000000001,-0.01877083333333333,0.030135833333333324,0.7136431784107946,500.0
gemma-4-e4b-it,test_indomain,contradiction_rate,0.06879999999999999,0.052065,0.08520083333333332,0.07429999999999999,0.05733333333333333,0.0924675,0.0055,0.0055,-0.009802499999999999,0.020701666666666656,0.47926036981509246,500.0
gemma-4-e4b-it,test_indomain,answer_words,31.208,30.1519,32.35209999999999,31.528,30.49185,32.57005,0.32,0.32,-0.6285499999999999,1.2940499999999997,0.5182408795602199,500.0
gemma-4-e4b-it,test_heldout_docs,token_f1,0.34744650438197044,0.33747366630499154,0.358443326044441,0.3519862932668157,0.34143846558102225,0.3633197104381577,0.0045397888848452295,0.0045397888848452295,-0.002730775928368851,0.01219032413484733,0.23588205897051473,500.0
gemma-4-e4b-it,test_heldout_docs,rouge_l,0.2670415444801489,0.2569668149802848,0.2775542063950211,0.2689545838692542,0.25800265259476607,0.28031082939401025,0.0019130393891052303,0.0019130393891052303,-0.005026268643953733,0.008955131642226994,0.5887056471764118,500.0
gemma-4-e4b-it,test_heldout_docs,keyfact_recall,0.322,0.29413249999999996,0.3506358333333333,0.3315666666666667,0.3032633333333333,0.3623350000000001,0.009566666666666666,0.009566666666666666,-0.012667500000000002,0.03116999999999998,0.37881059470264866,500.0
gemma-4-e4b-it,test_heldout_docs,contradiction_rate,0.09620000000000001,0.07646333333333333,0.1173675,0.09219999999999999,0.07323333333333332,0.1119033333333333,-0.003999999999999999,0.003999999999999999,-0.020633333333333333,0.012502499999999986,0.6261869065467266,500.0
gemma-4-e4b-it,test_heldout_docs,answer_words,31.6,30.553949999999997,32.598,31.486,30.45,32.564,-0.114,0.114,-1.0720500000000002,0.7921999999999989,0.8125937031484258,500.0
gemma-4-e4b-it,test_seen_facts,token_f1,0.3397370246940735,0.32551198011331584,0.35569429907373096,0.33145745900497314,0.31678818222767097,0.3479852603561696,-0.008279565689100305,0.008279565689100305,-0.0194353501582962,0.0027191294402658193,0.13543228385807096,279.0
gemma-4-e4b-it,test_seen_facts,rouge_l,0.25581775711042126,0.24134085923447932,0.2716877581771861,0.25086692963141893,0.23714250534368939,0.26692578704636777,-0.004950827479002286,0.004950827479002286,-0.015303105986677331,0.005334183298523654,0.32083958020989506,279.0
gemma-4-e4b-it,test_seen_facts,keyfact_recall,0.3590203106332139,0.3164232377538829,0.4002986857825568,0.36009557945041815,0.3194145758661888,0.3998222819593787,0.0010752688172043004,0.0010752688172043004,-0.02802120669056153,0.03190113500597372,0.9485257371314343,279.0
gemma-4-e4b-it,test_seen_facts,contradiction_rate,0.08464755077658302,0.05776135005973716,0.11225358422939063,0.07491039426523297,0.05232377538829151,0.09928464755077655,-0.009737156511350058,0.009737156511350058,-0.028195937873357228,0.007588112305854232,0.27136431784107945,279.0
gemma-4-e4b-it,test_seen_facts,answer_words,34.31541218637993,32.788440860215054,35.85663082437276,33.6415770609319,32.25403225806451,34.99301075268817,-0.6738351254480287,0.6738351254480287,-2.0,0.5772401433691746,0.3168415792103948,279.0
gemma-4-e4b-it,-,val_loss,2.2419,,,2.2607,,,0.01880000000000015,0.01880000000000015,,,,
