model,split,arm,n_questions,n_graded,judge_mean,judge_lo,judge_hi,f1_mean,f1_lo,f1_hi,rougeL_mean,rougeL_lo,rougeL_hi,delta_judge,delta_judge_lo,delta_judge_hi,delta_f1,delta_f1_lo,delta_f1_hi,delta_rougeL,delta_rougeL_lo,delta_rougeL_hi,epochs,train_minutes,peak_vram_gb,adapter_size_mb,best_val_loss
qwen3-8b,test_indomain,base,791,500,0.559,0.527,0.591,0.2651,0.2587,0.2719,0.1829,0.1772,0.1887,,,,,,,,,,,,,,
qwen3-8b,test_heldout_docs,base,1486,500,0.506,0.474,0.54,0.2575,0.2529,0.262,0.1754,0.1718,0.1792,,,,,,,,,,,,,,
qwen3-8b,test_seen_facts,base,279,279,0.5036,0.4588,0.5466,0.2128,0.2032,0.2221,0.1409,0.1336,0.1489,,,,,,,,,,,,,,
qwen3-8b,test_indomain,finetuned,791,500,0.445,0.415,0.473,0.3746,0.3663,0.3829,0.2848,0.2762,0.293,-0.114,-0.144,-0.085,0.1095,0.1012,0.118,0.1019,0.0946,0.1092,1,67.8,11.4,186.1,1.87867
qwen3-8b,test_heldout_docs,finetuned,1486,500,0.37,0.342,0.4,0.3532,0.3471,0.3597,0.2662,0.2601,0.2724,-0.136,-0.164,-0.109,0.0957,0.0898,0.1021,0.0908,0.0856,0.0964,1,67.8,11.4,186.1,1.87867
qwen3-8b,test_seen_facts,finetuned,279,279,0.4265,0.3871,0.4659,0.3257,0.3107,0.341,0.2404,0.2263,0.2551,-0.0771,-0.1183,-0.0358,0.1129,0.0984,0.127,0.0995,0.0871,0.1118,1,67.8,11.4,186.1,1.87867
gemma-4-e4b-it,test_indomain,base,791,500,0.588,0.555,0.621,0.1772,0.1718,0.1827,0.1191,0.115,0.1232,,,,,,,,,,,,,,
gemma-4-e4b-it,test_heldout_docs,base,1486,500,0.538,0.504,0.573,0.1795,0.1755,0.1837,0.1198,0.1167,0.1231,,,,,,,,,,,,,,
gemma-4-e4b-it,test_seen_facts,base,279,279,0.5125,0.4677,0.5556,0.1505,0.1429,0.1583,0.1009,0.0952,0.1067,,,,,,,,,,,,,,
gemma-4-e4b-it,test_indomain,finetuned,791,500,0.438,0.409,0.466,0.3815,0.3726,0.3903,0.2938,0.2847,0.303,-0.15,-0.18,-0.119,0.2044,0.1948,0.2142,0.1747,0.1658,0.1838,1,65.8,19.8,171.8,1.96345
gemma-4-e4b-it,test_heldout_docs,finetuned,1486,500,0.389,0.359,0.42,0.3593,0.353,0.3656,0.2735,0.2674,0.2799,-0.149,-0.178,-0.12,0.1798,0.1732,0.186,0.1537,0.1478,0.1596,1,65.8,19.8,171.8,1.96345
gemma-4-e4b-it,test_seen_facts,finetuned,279,279,0.4086,0.3728,0.4444,0.3164,0.3027,0.3312,0.2363,0.2229,0.2496,-0.1039,-0.1487,-0.0609,0.1659,0.1525,0.1801,0.1354,0.1232,0.1481,1,65.8,19.8,171.8,1.96345
llama-3.1-8b-instruct,test_indomain,base,791,500,0.52,0.488,0.552,0.1823,0.1765,0.1886,0.1297,0.1252,0.1348,,,,,,,,,,,,,,
llama-3.1-8b-instruct,test_heldout_docs,base,1486,500,0.457,0.423,0.489,0.1805,0.1765,0.1847,0.1279,0.1249,0.1311,,,,,,,,,,,,,,
llama-3.1-8b-instruct,test_seen_facts,base,279,279,0.4498,0.4086,0.491,0.1544,0.1455,0.1626,0.1073,0.101,0.1136,,,,,,,,,,,,,,
llama-3.1-8b-instruct,test_indomain,finetuned,791,500,0.435,0.406,0.465,0.3748,0.3667,0.3832,0.2862,0.2778,0.2948,-0.085,-0.114,-0.055,0.1925,0.1833,0.2019,0.1564,0.1484,0.165,1,69.1,10.3,185.1,2.01983
llama-3.1-8b-instruct,test_heldout_docs,finetuned,1486,500,0.359,0.33,0.388,0.3448,0.3388,0.351,0.2576,0.2519,0.2635,-0.098,-0.126,-0.068,0.1643,0.1582,0.1706,0.1297,0.1245,0.1351,1,69.1,10.3,185.1,2.01983
llama-3.1-8b-instruct,test_seen_facts,finetuned,279,279,0.4319,0.3961,0.4713,0.3416,0.325,0.3583,0.2596,0.2435,0.2767,-0.0179,-0.0591,0.0233,0.1872,0.1723,0.2022,0.1523,0.1377,0.167,1,69.1,10.3,185.1,2.01983
